,Name,Team,GP,BO,L/R,PA,AB,H,R,HR,RBI,BB,SB,CS,AVG,POS,R-Z,HR-Z,RBI-Z,SB-Z,AVG-Z,Z-SUM,Z-SUM-A,Adj-Val,ACV,
1,Aaron Judge,NYA,152,2,RIGHT,679,541,179,137,53,114,124,12,5,0.331,RF| DH,3.454,3.193,2.123,0.142,3.279,12.192,17.457,5.265,41.892828135661574,
2,Shohei Ohtani,LAN,158,1,LEFT,727,611,172,146,55,102,109,20,6,0.282,DH,3.95,3.395,1.527,0.904,1.174,10.95,14.033249999999999,3.0832499999999996,33.67660711661641,
3,Juan Soto,NYN,160,2,LEFT,715,577,152,120,43,105,127,38,4,0.263,RF,2.518,2.187,1.676,2.618,0.234,9.232,14.497,5.265,34.789501602949294,
4,Cal Raleigh,SEA,159,3,SWITCH,705,596,147,110,60,125,97,14,4,0.247,CC| DH,1.967,3.898,2.669,0.333,-0.598,8.269,14.940000000000001,6.671,35.852600810378874,
5,Jose Ramirez,CLE,158,3,SWITCH,673,593,168,103,30,85,66,44,7,0.283,3B| DH,1.581,0.878,0.683,3.189,1.229,7.561,12.826,5.265,30.779481793435032,
6,Kyle Schwarber,PHI,162,2,LEFT,724,604,145,111,56,132,108,10,2,0.24,DH,2.022,3.495,3.016,-0.048,-0.939,7.547,10.63025,3.0832499999999996,25.510181376474563,
7,Bobby Witt,KCA,157,2,RIGHT,687,623,184,99,23,88,49,38,9,0.295,SS,1.361,0.174,0.832,2.618,1.92,6.905,11.124,4.219,26.69506903712547,
8,Francisco Lindor,NYN,160,1,SWITCH,732,644,172,117,31,86,65,31,6,0.267,SS,2.353,0.979,0.733,1.951,0.458,6.474,10.693000000000001,4.219,25.66076709942311,
9,Julio Rodriguez,SEA,160,3,RIGHT,710,652,174,106,32,95,44,30,6,0.267,CF,1.747,1.08,1.18,1.856,0.452,6.314,11.579,5.265,27.786965514282258,
10,George Springer,TOR,138,1,RIGHT,586,498,154,106,32,84,69,17,1,0.309,RF| DH,1.747,1.08,0.633,0.619,2.115,6.193,11.457999999999998,5.265,27.496593044532865,
11,Geraldo Perdomo,ARI,161,1,SWITCH,720,597,173,98,20,100,94,27,6,0.29,SS,1.306,-0.128,1.428,1.571,1.561,5.737,9.956,4.219,23.89213478367684,
12,Corbin Carroll,ARI,141,1,LEFT,642,564,146,107,31,84,67,32,6,0.259,RF,1.802,0.979,0.633,2.047,0.013,5.473,10.738,5.265,25.76875686090015,
13,Junior Caminero,TBA,154,3,RIGHT,653,602,159,93,45,110,41,7,1,0.264,3B,1.031,2.388,1.924,-0.334,0.279,5.288,10.553,5.265,25.324798952605637,
14,Elly De La Cruz,CIN,162,3,SWITCH,699,629,166,102,22,86,67,37,8,0.264,SS,1.526,0.073,0.733,2.523,0.28,5.135,9.354,4.219,22.447471752361707,
15,Trea Turner,PHI,141,1,RIGHT,639,589,179,94,15,69,43,36,7,0.304,SS,1.086,-0.632,-0.111,2.427,2.238,5.008,9.227,4.219,22.14270064774872,
16,Pete Alonso,NYN,162,4,RIGHT,709,624,170,87,38,126,61,1,2,0.272,1B,0.7,1.684,2.718,-0.905,0.724,4.921,9.032,4.111,21.674745014681523,
17,Fernando Tatis,SDN,155,1,RIGHT,691,594,159,111,25,71,89,32,7,0.268,RF,2.022,0.375,-0.012,2.047,0.452,4.884,10.149000000000001,5.265,24.355290871789503,
18,Pete Crow-Armstrong,CHN,156,4,LEFT,647,591,146,91,31,95,29,35,8,0.247,CF,0.92,0.979,1.18,2.332,-0.573,4.838,10.103,5.265,24.244901337835188,
19,Josh Naylor,ARI| SEA,146,4,LEFT,604,543,160,81,20,92,48,30,2,0.295,1B| DH,0.37,-0.128,1.031,1.856,1.642,4.77,8.881,4.111,21.312379370614106,
20,Byron Buxton,MIN,126,1,RIGHT,542,488,129,97,35,83,41,24,0,0.264,CF,1.251,1.382,0.584,1.285,0.235,4.736,10.001,5.265,24.000124545153884,
21,Trevor Story,BOS,156,4,RIGHT,654,612,161,91,25,96,33,31,1,0.263,SS,0.92,0.375,1.229,1.951,0.23,4.706,8.925,4.219,21.417969359613885,
22,Brice Turang,MIL,155,1,LEFT,659,584,168,97,18,81,66,24,8,0.288,2B,1.251,-0.33,0.485,1.285,1.424,4.115,9.379999999999999,5.265,22.509865836770665,
23,Eugenio Suarez,ARI| SEA,159,5,RIGHT,657,588,134,91,49,118,46,4,1,0.228,3B,0.92,2.791,2.321,-0.619,-1.514,3.899,9.164,5.265,21.99151498168085,
24,Christian Yelich,MIL,150,3,LEFT,644,573,151,88,29,103,64,16,6,0.264,DH,0.755,0.778,1.577,0.523,0.237,3.869,6.952249999999999,3.0832499999999996,16.6838182050841,
25,Manny Machado,SDN,159,3,RIGHT,678,615,169,91,27,95,55,14,3,0.275,3B,0.92,0.576,1.18,0.333,0.835,3.845,9.11,5.265,21.8619272679084,
26,Cody Bellinger,NYA,152,3,LEFT,656,588,160,89,29,98,57,13,2,0.272,CF| LF| RF,0.81,0.778,1.328,0.238,0.666,3.82,9.084999999999999,5.265,21.801932955976707,
27,Nick Kurtz,ATH,117,3,LEFT,489,420,122,90,36,86,63,2,1,0.29,1B,0.865,1.482,0.733,-0.81,1.123,3.394,7.505,4.111,18.010292441893803,
28,Rafael Devers,BOS| SFN,163,2,LEFT,729,607,153,99,35,109,112,1,1,0.252,DH| 1B,1.361,1.382,1.874,-0.905,-0.333,3.379,7.49,4.111,17.974295854734788,
29,Vladimir Guerrero,TOR,156,3,RIGHT,680,589,172,96,23,84,81,6,3,0.292,1B| DH,1.196,0.174,0.633,-0.429,1.651,3.225,7.336,4.111,17.60473089323557,
30,Riley Greene,DET,157,4,LEFT,655,600,155,84,36,111,46,2,1,0.258,LF| DH,0.535,1.482,1.974,-0.81,-0.013,3.168,8.433,5.265,20.23728130079819,
31,James Wood,WAS,157,2,LEFT,689,598,153,87,31,94,85,15,7,0.256,LF| DH,0.7,0.979,1.13,0.428,-0.138,3.099,8.364,5.265,20.071696999866724,
32,Matt Olson,ATL,162,2,LEFT,724,624,170,98,29,95,91,1,0,0.272,1B,1.306,0.778,1.18,-0.905,0.724,3.082,7.193,4.111,17.261563428986292,
33,Bo Bichette,TOR,139,1,RIGHT,628,582,181,78,18,94,40,4,3,0.311,SS,0.204,-0.33,1.13,-0.619,2.557,2.943,7.162000000000001,4.219,17.187170482190997,
34,Randy Arozarena,SEA,160,4,RIGHT,709,613,146,95,27,76,64,31,6,0.238,LF,1.141,0.576,0.236,1.951,-1.05,2.855,8.12,5.265,19.486152515413412,
35,Freddie Freeman,LAN,147,3,LEFT,627,556,164,81,24,90,60,6,2,0.295,1B,0.37,0.274,0.931,-0.429,1.696,2.842,6.952999999999999,4.111,16.68561803444205,
36,Jazz Chisholm,NYA,130,5,LEFT,531,462,112,75,31,80,58,31,8,0.242,2B| 3B,0.039,0.979,0.435,1.951,-0.627,2.778,8.043,5.265,19.3013700346638,
37,Kyle Tucker,CHN,136,2,LEFT,597,500,133,91,22,73,87,25,3,0.266,RF| DH,0.92,0.073,0.087,1.38,0.31,2.771,8.036,5.265,19.28457162732293,
38,Gunnar Henderson,BAL,154,3,LEFT,651,577,158,85,17,68,62,30,5,0.274,SS,0.59,-0.43,-0.161,1.856,0.737,2.592,6.811,4.219,16.344850342670046,
39,Jackson Chourio,MIL,131,2,RIGHT,589,549,148,88,21,78,30,21,7,0.27,LF| RF| CF,0.755,-0.028,0.336,0.999,0.506,2.568,7.833,5.265,18.797417814437594,
40,Nico Hoerner,CHN,156,6,RIGHT,649,599,178,89,7,61,39,29,6,0.297,2B,0.81,-1.437,-0.508,1.761,1.937,2.563,7.827999999999999,5.265,18.785418952051256,
41,Yandy Diaz,TBA,150,1,RIGHT,651,583,175,79,25,83,57,3,1,0.3,DH| 1B,0.259,0.375,0.584,-0.714,2.033,2.536,6.647,4.111,15.951287656398149,
42,Maikel Garcia,KCA,158,4,RIGHT,666,595,170,81,16,74,62,23,8,0.286,3B,0.37,-0.531,0.137,1.19,1.353,2.519,7.784,5.265,18.67982896305148,
43,Brent Rooker,ATH,162,3,RIGHT,699,626,164,92,30,89,65,6,1,0.262,DH| RF,0.975,0.878,0.882,-0.429,0.178,2.484,7.749,5.265,18.59583692634711,
44,Vinnie Pasquantino,KCA,160,3,LEFT,682,621,164,72,32,113,49,1,0,0.264,DH| 1B,-0.126,1.08,2.073,-0.905,0.286,2.408,6.519,4.111,15.644116779307888,
45,Andy Pages,LAN,155,6,RIGHT,624,581,158,74,27,86,29,14,7,0.272,CF| LF| RF,-0.016,0.576,0.733,0.333,0.65,2.276,7.5409999999999995,5.265,18.096684251075438,
46,Brandon Nimmo,NYN,155,4,LEFT,652,587,154,81,25,92,50,13,1,0.262,LF,0.37,0.375,1.031,0.238,0.185,2.198,7.462999999999999,5.265,17.909501997848558,
47,Tyler Soderstrom,ATH,157,3,LEFT,624,561,155,75,25,93,55,8,3,0.276,1B| LF,0.039,0.375,1.08,-0.238,0.832,2.088,7.353,5.265,17.645527025349118,
48,CJ Abrams,WAS,144,1,LEFT,635,580,149,92,19,60,37,31,3,0.257,SS,0.975,-0.229,-0.558,1.951,-0.083,2.057,6.276,4.219,15.060972067331845,
49,Michael Busch,CHN,154,1,LEFT,592,524,137,78,34,90,56,4,0,0.261,1B,0.204,1.281,0.931,-0.619,0.125,1.923,6.034,4.111,14.480227127833071,
50,Jarren Duran,BOS,157,1,LEFT,696,620,159,86,16,84,60,24,6,0.256,LF| CF,0.645,-0.531,0.633,1.285,-0.112,1.921,7.186,5.265,17.244765021645417,
51,Hunter Goodman,COL,143,3,RIGHT,579,540,150,73,31,91,33,1,2,0.278,CC| DH,-0.071,0.979,0.981,-0.905,0.869,1.853,8.524000000000001,6.671,20.455660596229553,
52,Zach Neto,ANA,128,1,RIGHT,554,502,129,82,26,62,33,26,9,0.257,SS,0.425,0.476,-0.459,1.475,-0.069,1.849,6.0680000000000005,4.219,14.561819392060173,
53,Ketel Marte,ARI,126,2,SWITCH,556,480,136,87,28,72,64,4,2,0.283,2B| DH,0.7,0.677,0.038,-0.619,0.996,1.791,7.055999999999999,5.265,16.93279459960062,
54,Taylor Ward,ANA,157,4,RIGHT,663,579,132,86,36,103,75,4,1,0.228,LF,0.645,1.482,1.577,-0.619,-1.487,1.598,6.8629999999999995,5.265,16.46963851148796,
55,Jeremy Pena,HOU,125,1,RIGHT,543,493,150,68,17,62,35,20,2,0.304,SS,-0.347,-0.43,-0.459,0.904,1.888,1.557,5.776,4.219,13.861085828698014,
56,Seiya Suzuki,CHN,151,3,RIGHT,651,571,140,75,32,103,71,5,2,0.245,DH| RF,0.039,1.08,1.577,-0.524,-0.642,1.529,6.794,5.265,16.304054210556494,
57,Jose Altuve,HOU,155,3,RIGHT,654,588,156,80,26,77,55,10,6,0.265,LF| DH| 2B,0.314,0.476,0.286,-0.048,0.331,1.359,6.624,5.265,15.896092889420991,
58,Shea Langeliers,ATH,123,4,RIGHT,523,481,133,73,31,72,36,7,1,0.277,CC,-0.071,0.979,0.038,-0.334,0.722,1.335,8.006,6.671,19.2125784530049,
59,Mookie Betts,LAN,150,2,RIGHT,663,589,152,95,20,82,61,8,2,0.258,SS,1.141,-0.128,0.534,-0.238,-0.026,1.282,5.501,4.219,13.201148397449408,
60,Dansby Swanson,CHN,159,5,RIGHT,645,590,144,84,24,77,47,20,3,0.244,SS,0.535,0.274,0.286,0.904,-0.719,1.28,5.4990000000000006,4.219,13.196348852494873,
61,Willy Adames,SFN,160,2,RIGHT,686,591,133,94,30,87,80,12,4,0.225,SS,1.086,0.878,0.782,0.142,-1.663,1.226,5.445,4.219,13.06676113872242,
62,Brandon Lowe,TBA,134,2,LEFT,553,507,130,79,31,83,38,3,2,0.256,2B,0.259,0.979,0.584,-0.714,-0.093,1.015,6.279999999999999,5.265,15.070571157240915,
63,Bryce Harper,PHI,132,3,LEFT,580,501,131,72,27,75,70,12,2,0.261,1B,-0.126,0.576,0.187,0.142,0.121,0.9,5.011,4.111,12.025259883588253,
64,Ramon Laureano,BAL| SDN,129,5,RIGHT,488,441,124,72,24,76,35,7,4,0.281,LF| RF,-0.126,0.274,0.236,-0.334,0.835,0.886,6.151,5.265,14.761000507673387,
65,Sal Frelick,MIL,141,1,LEFT,594,528,152,76,12,63,47,19,6,0.288,RF,0.094,-0.933,-0.409,0.809,1.296,0.857,6.122,5.265,14.691407105832626,
66,Jo Adell,ANA,149,5,RIGHT,573,526,124,62,37,98,33,5,1,0.236,CF| RF,-0.677,1.583,1.328,-0.524,-1.008,0.702,5.967,5.265,14.319442371856137,
67,Trent Grisham,NYA,138,1,LEFT,581,494,116,87,34,74,82,3,2,0.235,CF,0.7,1.281,0.137,-0.714,-0.985,0.418,5.683,5.265,13.637906988312121,
68,Steven Kwan,CLE,156,1,LEFT,693,625,170,81,11,56,55,21,5,0.272,LF,0.37,-1.034,-0.756,0.999,0.702,0.281,5.545999999999999,5.265,13.309138158926451,
69,William Contreras,MIL,150,3,RIGHT,659,566,147,89,17,76,84,6,4,0.26,CC| DH,0.81,-0.43,0.236,-0.429,0.053,0.241,6.912,6.671,16.587227362874078,
70,Kyle Stowers,MIA,116,5,LEFT,457,399,115,61,25,73,48,5,1,0.288,LF| RF,-0.732,0.375,0.087,-0.524,0.991,0.198,5.463,5.265,13.109957043313237,
71,Jorge Polanco,SEA,137,6,SWITCH,524,471,125,64,26,78,42,6,3,0.265,2B| DH,-0.567,0.476,0.336,-0.429,0.268,0.084,5.348999999999999,5.265,12.836382980904721,
72,Ian Happ,CHN,150,1,SWITCH,663,569,138,87,23,79,87,6,3,0.243,LF,0.7,0.174,0.385,-0.429,-0.767,0.064,5.329,5.265,12.78838753135937,
73,Spencer Torkelson,DET,155,5,RIGHT,649,563,135,82,31,78,72,2,1,0.24,1B,0.425,0.979,0.336,-0.81,-0.888,0.041,4.152,4.111,9.963855325615333,
74,Ceddanne Rafaela,BOS,151,9,RIGHT,587,546,136,83,16,63,28,20,5,0.249,CF| 2B,0.48,-0.531,-0.409,0.904,-0.436,0.008,5.273,5.265,12.65400027263238,
75,Michael Harris,ATL,159,8,LEFT,641,611,152,55,20,86,16,20,6,0.249,CF,-1.063,-0.128,0.733,0.904,-0.504,-0.058,5.207,5.265,12.495615289132715,
76,Wyatt Langford,TEX,133,2,RIGHT,573,489,118,73,22,62,74,22,6,0.241,LF| CF,-0.071,0.073,-0.459,1.095,-0.709,-0.071,5.194,5.265,12.464418246928236,
77,Heliot Ramos,SFN,157,1,RIGHT,695,620,159,85,21,69,52,6,4,0.256,LF,0.59,-0.028,-0.111,-0.429,-0.112,-0.089,5.175999999999999,5.265,12.421222342337416,
78,Lawrence Butler,ATH,149,1,LEFT,630,569,133,82,21,63,59,22,7,0.234,RF| CF,0.425,-0.028,-0.409,1.095,-1.186,-0.103,5.162,5.265,12.38762552765567,
79,Teoscar Hernandez,LAN,134,4,RIGHT,546,511,126,65,25,89,26,5,2,0.247,RF,-0.512,0.375,0.882,-0.524,-0.515,-0.294,4.971,5.265,11.929268984497547,
80,Mickey Moniak,COL,132,2,LEFT,461,434,117,62,24,68,22,9,2,0.27,RF| CF,-0.677,0.274,-0.161,-0.143,0.4,-0.307,4.957999999999999,5.265,11.898071942293067,
81,Jacob Wilson,ATH,125,2,RIGHT,523,486,151,62,13,63,27,5,2,0.311,SS,-0.677,-0.833,-0.409,-0.524,2.124,-0.319,3.9000000000000004,4.219,9.359112661343882,
82,Bryson Stott,PHI,145,8,LEFT,560,499,128,65,13,66,54,24,5,0.257,2B,-0.512,-0.833,-0.26,1.285,-0.087,-0.407,4.858,5.265,11.6580946945663,
83,Xavier Edwards,MIA,138,1,SWITCH,619,561,159,75,3,43,49,27,7,0.283,SS| 2B,0.039,-1.839,-1.402,1.571,1.168,-0.464,4.800999999999999,5.265,11.521307663362043,
84,Willson Contreras,SLN,135,4,RIGHT,563,490,126,70,20,80,44,5,1,0.257,1B,-0.236,-0.128,0.435,-0.524,-0.06,-0.514,3.5969999999999995,4.111,8.631981600731779,
85,Luis Arraez,SDN,154,2,LEFT,675,620,181,66,8,61,34,11,4,0.292,1B| DH,-0.457,-1.336,-0.508,0.047,1.733,-0.52,3.5909999999999997,4.111,8.617582965868174,
86,Christian Walker,HOU,154,4,RIGHT,640,585,139,72,27,88,40,2,1,0.238,1B,-0.126,0.576,0.832,-0.81,-1.03,-0.557,3.554,4.111,8.52879138420927,
87,Ben Rice,NYA,136,2,LEFT,530,467,119,74,26,65,50,3,2,0.255,DH| 1B| CC,-0.016,0.476,-0.31,-0.714,-0.148,-0.712,5.9590000000000005,6.671,14.300244192037999,
88,Ronald Acuna,ATL,95,3,RIGHT,412,338,98,74,21,42,71,9,1,0.29,RF,-0.016,-0.028,-1.451,-0.143,0.888,-0.75,4.515,5.265,10.834972734863493,
89,Alec Burleson,SLN,138,3,LEFT,546,497,144,54,18,69,39,5,1,0.29,DH| 1B| LF| RF,-1.118,-0.33,-0.111,-0.524,1.298,-0.784,4.481,5.265,10.753380470636392,
90,Gleyber Torres,DET,145,2,RIGHT,628,532,136,79,16,74,85,4,1,0.256,2B,0.259,-0.531,0.137,-0.619,-0.132,-0.886,4.379,5.265,10.50860367795509,
91,Salvador Perez,KCA,155,5,RIGHT,641,597,141,54,30,100,28,0,0,0.236,CC| 1B| DH,-1.118,0.878,1.428,-1.0,-1.122,-0.934,5.737,6.671,13.767494702084576,
92,Otto Lopez,MIA,142,3,RIGHT,594,544,134,66,15,77,44,15,6,0.246,2B| SS,-0.457,-0.632,0.286,0.428,-0.56,-0.934,4.3309999999999995,5.265,10.393414599046242,
93,TJ Friedl,CIN,151,1,LEFT,685,579,151,82,14,53,81,12,3,0.261,CF,0.425,-0.732,-0.905,0.142,0.107,-0.964,4.301,5.265,10.321421424728214,
94,Ozzie Albies,ATL,157,6,SWITCH,667,603,145,74,16,74,55,14,3,0.24,2B,-0.016,-0.531,0.137,0.333,-0.917,-0.994,4.271,5.265,10.249428250410183,
95,Oneil Cruz,PIT,134,1,LEFT,544,471,94,62,20,61,64,38,4,0.2,CF,-0.677,-0.128,-0.508,2.618,-2.331,-1.027,4.2379999999999995,5.265,10.17023575866035,
96,Ivan Herrera,SLN,107,2,RIGHT,452,388,110,54,19,66,43,8,2,0.284,DH,-1.118,-0.229,-0.26,-0.238,0.81,-1.035,2.0482499999999995,3.0832499999999996,4.915333976563487,
97,Ryan O'Hearn,BAL| SDN,144,4,LEFT,544,474,133,67,17,63,58,3,1,0.281,DH| 1B| RF,-0.402,-0.43,-0.409,-0.714,0.874,-1.081,4.183999999999999,5.265,10.040648044887895,
98,Agustin Ramirez,MIA,136,2,RIGHT,585,537,124,72,21,67,36,16,3,0.231,CC| DH,-0.126,-0.028,-0.21,0.523,-1.247,-1.088,5.583,6.671,13.397929740585356,
99,Luis Garcia,WAS,138,3,LEFT,526,488,123,67,16,66,27,14,5,0.252,2B,-0.402,-0.531,-0.26,0.333,-0.268,-1.128,4.137,5.265,9.927858738456315,
100,Will Smith,LAN,110,4,RIGHT,436,362,107,64,17,61,64,2,3,0.296,CC,-0.567,-0.43,-0.508,-0.81,1.123,-1.192,5.479,6.671,13.14835340294952,
101,Lenyn Sosa,CHA,140,6,RIGHT,544,518,137,57,22,75,18,2,1,0.264,2B| 1B,-0.953,0.073,0.187,-0.81,0.255,-1.247,4.018,5.265,9.642285813661465,
102,Drake Baldwin,ATL,123,4,LEFT,446,405,111,56,19,80,38,0,0,0.274,CC,-1.008,-0.229,0.435,-1.0,0.526,-1.276,5.3950000000000005,6.671,12.946772514859036,
103,Jordan Beck,COL,146,4,RIGHT,588,539,139,61,16,53,43,19,8,0.258,LF,-0.732,-0.531,-0.905,0.809,-0.032,-1.392,3.8729999999999998,5.265,9.294318804457653,
104,Ernie Clement,TOR,149,7,RIGHT,588,545,151,83,9,50,27,6,5,0.277,3B| SS| 2B,0.48,-1.235,-1.054,-0.429,0.844,-1.395,3.8699999999999997,5.265,9.287119487025851,
105,Harrison Bader,MIN| PHI,136,9,RIGHT,501,448,124,59,17,54,39,11,7,0.277,LF| CF,-0.842,-0.43,-0.856,0.047,0.683,-1.398,3.867,5.265,9.279920169594048,
106,Xander Bogaerts,SDN,136,5,RIGHT,552,491,129,63,11,53,48,20,2,0.263,SS,-0.622,-1.034,-0.905,0.904,0.17,-1.487,2.732,4.219,6.556178407895253,
107,Nick Castellanos,PHI,146,5,RIGHT,589,547,137,72,17,72,32,4,0,0.25,RF,-0.126,-0.43,0.038,-0.619,-0.374,-1.511,3.7539999999999996,5.265,9.008745879662802,
108,Lourdes Gurriel,ARI,129,3,RIGHT,546,500,124,52,19,80,31,10,4,0.248,LF,-1.228,-0.229,0.435,-0.048,-0.444,-1.514,3.7509999999999994,5.265,9.001546562230999,
109,Spencer Steer,CIN,142,6,RIGHT,568,509,121,66,21,75,51,7,1,0.238,1B,-0.457,-0.028,0.187,-0.334,-0.891,-1.522,2.5889999999999995,4.111,6.213010943645975,
110,Chandler Simpson,TBA,107,1,LEFT,441,414,122,52,0,26,20,40,12,0.295,CF| LF,-1.228,-2.141,-2.246,2.808,1.253,-1.554,3.7109999999999994,5.265,8.905555663140293,
111,Jonathan Aranda,TBA,106,4,LEFT,422,370,117,56,14,59,41,0,2,0.316,1B,-1.008,-0.732,-0.607,-1.0,1.788,-1.559,2.5519999999999996,4.111,6.124219361987072,
112,Kerry Carpenter,DET,130,3,LEFT,464,433,109,66,26,62,18,1,1,0.252,LF| RF| DH,-0.457,0.476,-0.459,-0.905,-0.249,-1.594,3.6709999999999994,5.265,8.809564764049584,
113,Matt Chapman,SFN,128,4,RIGHT,535,454,105,76,21,61,71,9,4,0.231,3B,0.094,-0.028,-0.508,-0.143,-1.04,-1.625,3.6399999999999997,5.265,8.735171817254288,
114,Jackson Holliday,BAL,149,1,LEFT,649,586,142,70,17,55,56,17,11,0.242,2B,-0.236,-0.43,-0.806,0.619,-0.8,-1.654,3.6109999999999998,5.265,8.665578415413526,
115,Zach McKinstry,DET,142,6,LEFT,511,452,117,67,12,49,46,18,5,0.259,SS| 3B| RF,-0.402,-0.933,-1.104,0.714,0.009,-1.716,3.5489999999999995,5.265,8.51679252182293,
116,Alex Bregman,BOS,114,3,RIGHT,495,433,118,64,18,62,51,1,1,0.273,3B,-0.567,-0.33,-0.459,-0.905,0.505,-1.754,3.5109999999999997,5.265,8.42560116768676,
117,Mike Trout,ANA,130,3,RIGHT,556,456,106,73,26,64,87,2,0,0.232,RF| DH,-0.071,0.476,-0.359,-0.81,-1.0,-1.764,3.5009999999999994,5.265,8.401603442914082,
118,J. P. Crawford,SEA,155,1,LEFT,654,570,151,69,12,58,74,8,1,0.265,SS,-0.291,-0.933,-0.657,-0.238,0.302,-1.819,2.4000000000000004,4.219,5.759453945442389,
119,Addison Barger,TOR,134,5,LEFT,502,460,112,61,21,74,36,4,1,0.243,RF| 3B,-0.732,-0.028,0.137,-0.619,-0.583,-1.825,3.4399999999999995,5.265,8.255217321800755,
120,Luis Robert,CHA,108,4,RIGHT,431,382,85,52,14,53,40,33,8,0.223,CF,-1.228,-0.732,-0.905,2.142,-1.156,-1.88,3.385,5.265,8.123229835551035,
121,Austin Hays,CIN,103,4,RIGHT,416,380,101,60,15,64,29,7,0,0.266,DH| LF,-0.787,-0.632,-0.359,-0.334,0.229,-1.882,3.383,5.265,8.1184302905965,
122,Jung Hoo Lee,SFN,148,3,LEFT,617,560,149,72,8,55,47,10,3,0.266,CF,-0.126,-1.336,-0.806,-0.048,0.351,-1.965,3.3,5.265,7.919249174983284,
123,Wilyer Abreu,BOS,114,5,LEFT,417,373,92,53,22,69,40,6,3,0.247,RF,-1.173,0.073,-0.111,-0.429,-0.374,-2.013,3.252,5.265,7.804060096074436,
124,Alejandro Kirk,TOR,130,5,RIGHT,506,451,127,45,15,76,48,1,0,0.282,CC,-1.614,-0.632,0.236,-0.905,0.87,-2.044,4.627000000000001,6.671,11.103747252317474,
125,Adolis Garcia,TEX,135,4,RIGHT,547,507,115,58,19,75,28,13,4,0.227,RF,-0.897,-0.229,0.187,0.238,-1.351,-2.053,3.2119999999999997,5.265,7.708069196983729,
126,Corey Seager,TEX,102,2,LEFT,445,380,103,61,21,50,58,3,0,0.271,SS,-0.732,-0.028,-1.054,-0.714,0.397,-2.131,2.0880000000000005,4.219,5.010724932534879,
127,Bryan Reynolds,PIT,154,3,SWITCH,654,587,144,68,16,73,57,3,2,0.245,RF| DH,-0.347,-0.531,0.087,-0.714,-0.654,-2.158,3.1069999999999998,5.265,7.4560930868706246,
128,Caleb Durbin,MIL,134,8,RIGHT,506,445,114,59,11,53,30,18,6,0.256,3B,-0.842,-1.034,-0.905,0.714,-0.09,-2.158,3.1069999999999998,5.265,7.4560930868706246,
129,Anthony Volpe,NYA,149,6,RIGHT,596,539,114,64,19,72,43,18,8,0.212,SS,-0.567,-0.229,0.038,0.714,-2.129,-2.173,2.0460000000000003,4.219,4.909934488489637,
130,Yainer Diaz,HOU,143,6,RIGHT,567,542,139,56,20,70,20,1,1,0.256,CC| DH,-1.008,-0.128,-0.061,-0.905,-0.097,-2.199,4.472,6.671,10.731782518340985,
131,Miguel Vargas,CHA,138,4,RIGHT,569,504,118,80,16,60,56,6,0,0.234,3B| 1B,0.314,-0.531,-0.558,-0.429,-1.034,-2.237,3.0279999999999996,5.265,7.266511061166479,
132,Jasson Dominguez,NYA,116,6,SWITCH,429,381,98,55,10,47,41,23,4,0.257,LF,-1.063,-1.135,-1.203,1.19,-0.044,-2.255,3.01,5.265,7.223315156575661,
133,Gavin Sheets,SDN,145,6,LEFT,545,492,124,57,19,71,44,2,1,0.252,DH| LF,-0.953,-0.229,-0.012,-0.81,-0.271,-2.274,2.9909999999999997,5.265,7.177719479507576,
134,Paul Goldschmidt,NYA,139,1,RIGHT,534,489,134,75,10,45,36,5,1,0.274,1B,0.039,-1.135,-1.302,-0.524,0.633,-2.289,1.8219999999999996,4.111,4.372385453581679,
135,Jackson Merrill,SDN,114,4,LEFT,483,440,116,59,16,67,33,1,2,0.264,CF,-0.842,-0.531,-0.21,-0.905,0.186,-2.302,2.9629999999999996,5.265,7.110525850144081,
136,Brendan Donovan,SLN,118,3,LEFT,515,460,132,64,10,50,42,3,3,0.287,2B,-0.567,-1.135,-1.054,-0.714,1.094,-2.376,2.889,5.265,6.932942686826275,
137,Cedric Mullins,BAL| NYN,130,8,LEFT,498,435,94,58,17,59,50,22,4,0.216,CF,-0.897,-0.43,-0.607,1.095,-1.551,-2.391,2.8739999999999997,5.265,6.896946099667259,
138,Isaac Collins,MIL,126,6,SWITCH,441,372,98,56,9,54,57,16,7,0.263,LF,-1.008,-1.235,-0.856,0.523,0.151,-2.424,2.8409999999999997,5.265,6.817753607917426,
139,Jose Caballero,NYA| TBA,109,7,RIGHT,370,314,74,48,5,36,47,42,9,0.236,RF| SS| 3B| 2B,-1.448,-1.638,-1.749,2.999,-0.604,-2.441,2.824,5.265,6.776957475803877,
140,Alec Bohm,PHI,120,3,RIGHT,504,464,133,53,11,59,29,2,0,0.287,3B,-1.173,-1.034,-0.607,-0.81,1.091,-2.533,2.7319999999999998,5.265,6.556178407895252,
141,Nathaniel Lowe,BOS| WAS,152,4,LEFT,609,540,123,64,18,84,62,1,0,0.228,1B,-0.567,-0.33,0.633,-0.905,-1.396,-2.564,1.5469999999999997,4.111,3.712448022333072,
142,Trevor Larnach,MIN,141,2,LEFT,567,503,126,62,17,60,53,4,4,0.25,DH| RF,-0.677,-0.43,-0.558,-0.619,-0.342,-2.626,2.639,5.265,6.3329995675093596,
143,Carlos Correa,HOU| MIN,143,4,RIGHT,584,537,148,63,13,52,45,0,0,0.276,SS| 3B,-0.622,-0.833,-0.955,-1.0,0.766,-2.644,2.6209999999999996,5.265,6.2898036629185405,
144,Brenton Doyle,COL,138,5,RIGHT,538,502,117,57,15,57,30,18,2,0.233,CF,-0.953,-0.632,-0.707,0.714,-1.075,-2.652,2.6129999999999995,5.265,6.2706054831003994,
145,Nolan Schanuel,ANA,131,2,LEFT,564,488,129,64,12,53,59,5,1,0.264,1B,-0.567,-0.933,-0.905,-0.524,0.235,-2.695,1.416,4.111,3.398077827811009,
146,Jake Mangum,TBA,116,6,SWITCH,428,405,120,36,3,40,19,26,6,0.296,RF| LF| CF,-2.109,-1.839,-1.551,1.475,1.28,-2.744,2.5209999999999995,5.265,6.049826415191775,
147,Masyn Winn,SLN,127,2,RIGHT,537,491,124,72,9,51,34,9,5,0.253,SS,-0.126,-1.235,-1.005,-0.143,-0.249,-2.759,1.4600000000000004,4.219,3.503667816810787,
148,Matt McLain,CIN,144,2,RIGHT,577,510,112,72,15,50,55,18,2,0.22,2B,-0.126,-0.632,-1.054,0.714,-1.668,-2.766,2.4989999999999997,5.265,5.997031420691886,
149,Kyle Manzardo,CLE,142,4,LEFT,531,470,110,47,27,70,48,2,0,0.234,DH| 1B,-1.503,0.576,-0.061,-0.81,-0.968,-2.766,1.3449999999999998,4.111,3.227693981925005,
150,Giancarlo Stanton,NYA,77,4,RIGHT,281,249,68,36,24,66,29,0,0,0.273,DH,-2.109,0.274,-0.26,-1.0,0.303,-2.792,0.2912499999999998,3.0832499999999996,0.698933734004206,
151,Romy Gonzalez,BOS,93,6,RIGHT,341,315,96,47,9,53,18,6,5,0.305,2B| 1B,-1.503,-1.235,-0.905,-0.429,1.219,-2.853,2.4119999999999995,5.265,5.788251215169599,
152,Marcus Semien,TEX,127,3,RIGHT,534,470,108,62,15,62,50,11,1,0.23,2B,-0.677,-0.632,-0.459,0.047,-1.136,-2.856,2.409,5.265,5.781051897737797,
153,Max Muncy,LAN,100,5,LEFT,388,313,76,48,19,67,64,4,0,0.243,3B,-1.448,-0.229,-0.21,-0.619,-0.414,-2.921,2.344,5.265,5.625066686715399,
154,Dillon Dingler,DET,126,7,RIGHT,469,435,121,54,13,57,23,0,0,0.278,CC,-1.118,-0.833,-0.707,-1.0,0.714,-2.944,3.7270000000000003,6.671,8.943952022776577,
155,Brett Baty,NYN,127,7,LEFT,432,393,100,52,18,50,33,8,0,0.254,2B| 3B,-1.228,-0.33,-1.054,-0.238,-0.137,-2.987,2.2779999999999996,5.265,5.466681703215733,
156,Brandon Marsh,PHI,126,9,LEFT,425,379,106,58,11,43,38,7,1,0.28,CF| LF,-0.897,-1.034,-1.402,-0.334,0.67,-2.997,2.268,5.265,5.442683978443057,
157,Marcell Ozuna,ATL,145,3,RIGHT,592,487,113,61,21,68,94,0,0,0.232,DH,-0.732,-0.028,-0.161,-1.0,-1.085,-3.006,0.07724999999999982,3.0832499999999996,0.18538242386892645,
158,Andrew Benintendi,CHA,116,3,LEFT,470,420,101,57,20,63,40,1,0,0.24,DH| LF,-0.953,-0.128,-0.409,-0.905,-0.638,-3.033,2.2319999999999998,5.265,5.356292169261421,
159,J. T. Realmuto,PHI,134,4,RIGHT,550,502,129,57,12,52,35,8,2,0.257,CC,-0.953,-0.933,-0.955,-0.238,-0.069,-3.148,3.523,6.671,8.454398437413973,
160,Austin Wells,NYA,119,7,LEFT,448,401,88,51,21,71,30,5,1,0.219,CC,-1.283,-0.028,-0.012,-0.524,-1.317,-3.163,3.5080000000000005,6.671,8.41840185025496,
161,Daylen Lile,WAS,91,7,LEFT,351,321,96,51,9,41,21,8,6,0.299,RF| LF,-1.283,-1.235,-1.501,-0.238,1.089,-3.168,2.0969999999999995,5.265,5.032322884830286,
162,Jesus Sanchez,HOU| MIA,134,2,LEFT,497,451,107,61,14,48,42,13,3,0.237,RF| LF,-0.732,-0.732,-1.154,0.238,-0.807,-3.188,2.0769999999999995,5.265,4.984327435284933,
163,Nathan Lukes,TOR,129,1,LEFT,438,388,99,55,12,65,38,2,3,0.255,CF| LF| RF,-1.063,-0.933,-0.31,-0.81,-0.112,-3.227,2.038,5.265,4.890736308671494,
164,Austin Riley,ATL,102,2,RIGHT,447,416,108,54,16,54,27,2,1,0.26,3B,-1.118,-0.531,-0.856,-0.81,0.035,-3.278,1.9869999999999997,5.265,4.768347912330843,
165,Noelvi Marte,CIN,88,2,RIGHT,360,339,89,45,14,51,16,10,3,0.263,3B| RF,-1.614,-0.732,-1.005,-0.048,0.112,-3.286,1.9789999999999996,5.265,4.749149732512702,
166,Josh Bell,WAS,140,3,SWITCH,533,468,111,54,22,63,57,0,3,0.237,DH| 1B,-1.118,0.073,-0.409,-1.0,-0.841,-3.294,0.8169999999999997,4.111,1.9606141139276791,
167,Javier Baez,DET,123,9,RIGHT,437,417,107,55,12,57,10,5,1,0.257,SS| 3B| CF,-1.063,-0.933,-0.707,-0.524,-0.07,-3.297,1.9679999999999995,5.265,4.722752235262758,
168,Josh Jung,TEX,130,6,RIGHT,511,482,121,53,14,61,27,4,1,0.251,3B,-1.173,-0.732,-0.508,-0.619,-0.306,-3.338,1.9269999999999996,5.265,4.624361563694784,
169,Isaac Paredes,HOU,102,2,RIGHT,438,378,96,53,20,53,50,0,1,0.254,3B,-1.173,-0.128,-0.905,-1.0,-0.147,-3.353,1.9119999999999995,5.265,4.588364976535768,
170,Josh Smith,TEX,142,1,LEFT,563,495,124,70,10,35,55,12,3,0.251,SS| 3B| 1B,-0.236,-1.135,-1.799,0.142,-0.336,-3.364,1.9009999999999998,5.265,4.5619674792858245,
171,Mike Yastrzemski,KCA| SFN,144,1,LEFT,558,477,111,68,17,46,72,7,2,0.233,RF,-0.347,-0.43,-1.253,-0.334,-1.036,-3.399,1.8659999999999997,5.265,4.477975442581457,
172,Jordan Westburg,BAL,85,2,RIGHT,352,328,87,59,17,41,17,1,2,0.265,3B,-0.842,-0.43,-1.501,-0.905,0.183,-3.496,1.7689999999999997,5.265,4.245197512286493,
173,Jake Cronenworth,SDN,135,7,LEFT,515,419,103,61,11,59,69,3,3,0.246,2B,-0.732,-1.034,-0.607,-0.714,-0.449,-3.537,1.7279999999999998,5.265,4.1468068407185195,
174,Matt Shaw,CHN,123,9,RIGHT,437,393,89,57,13,44,38,17,5,0.226,3B,-0.953,-0.833,-1.352,0.619,-1.059,-3.578,1.6869999999999998,5.265,4.048416169150546,
175,Victor Scott,SLN,132,9,LEFT,463,398,86,54,5,37,42,34,4,0.216,CF,-1.118,-1.638,-1.7,2.237,-1.419,-3.638,1.6269999999999998,5.265,3.904429820514485,
176,Jurickson Profar,ATL,80,1,SWITCH,371,318,78,56,14,43,48,9,2,0.245,LF,-1.008,-0.732,-1.402,-0.143,-0.355,-3.64,1.6249999999999996,5.265,3.8996302755599492,
177,Spencer Horwitz,PIT,108,1,LEFT,411,364,99,55,11,51,44,0,1,0.272,1B,-1.063,-1.034,-1.005,-1.0,0.408,-3.693,0.4179999999999997,4.111,1.0031048954978818,
178,Colt Keith,DET,137,1,LEFT,468,414,106,64,13,45,48,1,1,0.256,2B| DH| 3B,-0.567,-0.833,-1.302,-0.905,-0.089,-3.696,1.5689999999999995,5.265,3.7652430168329603,
179,Wilmer Flores,SFN,125,5,RIGHT,463,419,101,44,16,71,34,1,0,0.241,DH| 1B,-1.669,-0.531,-0.012,-0.905,-0.617,-3.733,0.37799999999999967,4.111,0.9071139964071754,
180,Brooks Lee,MIN,137,7,SWITCH,527,487,115,50,16,64,31,3,1,0.236,3B| SS| 2B,-1.338,-0.531,-0.359,-0.714,-0.917,-3.86,1.4049999999999998,5.265,3.3716803305610643,
181,Jake Meyers,HOU,98,7,RIGHT,381,343,100,53,3,24,31,16,5,0.292,CF,-1.173,-1.839,-2.345,0.523,0.948,-3.886,1.3789999999999996,5.265,3.3092862461521046,
182,Tyler Freeman,COL,107,1,RIGHT,428,377,106,49,2,31,34,18,9,0.281,RF| DH,-1.393,-1.94,-1.997,0.714,0.714,-3.903,1.3619999999999997,5.265,3.2684901140385545,
183,Miguel Andujar,ATH| CIN,94,4,RIGHT,341,321,102,36,10,44,17,1,0,0.318,LF| DH| 3B,-2.109,-1.135,-1.352,-0.905,1.593,-3.908,1.3569999999999998,5.265,3.2564912516522164,
184,Colson Montgomery,CHA,71,3,LEFT,284,255,61,43,21,55,25,0,0,0.239,SS,-1.724,-0.028,-0.806,-1.0,-0.415,-3.972,0.24700000000000033,4.219,0.5927438018851132,
185,Lars Nootbaar,SLN,132,1,LEFT,583,509,119,68,13,48,64,4,5,0.234,LF| RF,-0.347,-0.833,-1.154,-0.619,-1.059,-4.011,1.2539999999999996,5.265,3.009314686493647,
186,Carson Kelly,CHN,109,4,RIGHT,421,369,92,48,17,50,45,2,0,0.249,CC,-1.448,-0.43,-1.054,-0.81,-0.287,-4.029,2.6420000000000003,6.671,6.340198884941163,
187,Daulton Varsho,TOR,67,5,LEFT,271,248,59,42,20,55,17,1,0,0.238,CF,-1.779,-0.128,-0.806,-0.905,-0.43,-4.048,1.2169999999999996,5.265,2.9205231048347438,
188,Eric Wagaman,MIA,138,6,RIGHT,514,476,119,56,9,53,32,4,1,0.25,1B,-1.008,-1.235,-0.905,-0.619,-0.343,-4.111,0.0,4.111,0.0,
189,Josh Lowe,TBA,108,5,LEFT,435,396,87,56,11,40,33,18,4,0.22,RF,-1.008,-1.034,-1.551,0.714,-1.292,-4.171,1.0939999999999994,5.265,2.625351090130821,
190,Joey Ortiz,MIL,146,9,RIGHT,506,470,108,62,7,45,27,14,3,0.23,SS,-0.677,-1.437,-1.302,0.333,-1.136,-4.219,0.0,4.219,0.0,
191,Ryan McMahon,COL| NYA,151,4,LEFT,586,509,109,62,20,53,70,3,1,0.214,3B,-0.677,-0.128,-0.905,-0.714,-1.898,-4.323,0.9419999999999993,5.265,2.2605856735861356,
192,Andrew Vaughn,CHA| MIL,112,5,RIGHT,447,406,103,35,14,65,31,0,0,0.254,1B,-2.164,-0.732,-0.31,-1.0,-0.167,-4.373,-0.26200000000000045,4.111,-0.6287403890441285,
193,Max Kepler,PHI,126,6,LEFT,474,417,90,58,18,52,48,3,0,0.216,LF| RF,-0.897,-0.33,-0.955,-0.714,-1.496,-4.392,0.8729999999999993,5.265,2.095001372654667,
194,Wenceel Perez,DET,98,6,SWITCH,383,344,84,47,13,43,31,8,3,0.244,CF| RF,-1.503,-0.833,-1.402,-0.238,-0.416,-4.392,0.8729999999999993,5.265,2.095001372654667,
195,Mark Vientos,NYN,121,5,RIGHT,463,424,99,44,17,61,30,1,0,0.233,3B| DH,-1.669,-0.43,-0.508,-0.905,-0.893,-4.405,0.8599999999999994,5.265,2.063804330450188,
196,Cam Smith,HOU,133,8,RIGHT,493,441,104,54,9,51,43,8,1,0.236,RF,-1.118,-1.235,-1.005,-0.238,-0.842,-4.438,0.827,5.265,1.9846118387003562,
197,Adam Frazier,KCA| PIT,134,6,LEFT,459,419,112,43,7,44,26,8,6,0.267,2B| LF,-1.724,-1.437,-1.352,-0.238,0.306,-4.445,0.8199999999999994,5.265,1.9678134313594813,
198,Royce Lewis,MIN,105,7,RIGHT,403,376,89,36,13,52,25,12,2,0.237,3B,-2.109,-0.833,-0.955,0.142,-0.69,-4.445,0.8199999999999994,5.265,1.9678134313594813,
199,Gavin Lux,CIN,140,5,LEFT,503,446,120,49,5,53,56,1,0,0.269,LF| DH,-1.393,-1.638,-0.905,-0.905,0.391,-4.45,0.8149999999999995,5.265,1.9558145689731432,
200,Carlos Narvaez,BOS,117,8,RIGHT,446,403,97,51,15,50,38,1,1,0.241,CC,-1.283,-0.632,-1.054,-0.905,-0.605,-4.479,2.192,6.671,5.260301270170715,
201,Andrew McCutchen,PIT,135,2,RIGHT,551,477,114,51,13,57,67,1,1,0.239,DH,-1.283,-0.833,-0.707,-0.905,-0.784,-4.512,-1.42875,3.0832499999999996,-3.428674926896172,
202,Isiah Kiner-Falefa,PIT| TOR,132,9,RIGHT,459,431,113,45,2,40,17,15,4,0.262,SS| 3B,-1.614,-1.94,-1.551,0.428,0.129,-4.547,0.718,5.265,1.7230366386781812,
203,Ryan Jeffers,MIN,115,2,RIGHT,464,406,108,47,9,47,50,1,1,0.266,CC| DH,-1.503,-1.235,-1.203,-0.905,0.252,-4.594,2.077,6.671,4.984327435284934,
204,Luis Rengifo,ANA,146,7,SWITCH,541,501,119,55,9,43,33,10,7,0.238,3B| 2B,-1.063,-1.235,-1.402,-0.048,-0.885,-4.633,0.6319999999999997,5.265,1.5166562056331616,
205,Roman Anthony,BOS,71,1,LEFT,303,257,75,48,8,32,40,4,1,0.292,RF,-1.448,-1.336,-1.948,-0.619,0.716,-4.635,0.6299999999999999,5.265,1.5118566606786268,
206,Gabriel Moreno,ARI,81,6,RIGHT,309,277,79,44,9,40,29,2,2,0.285,CC,-1.669,-1.235,-1.551,-0.81,0.618,-4.646,2.0250000000000004,6.671,4.859539266467016,
207,Kody Clemens,MIN| PHI,112,5,LEFT,386,348,74,45,19,52,29,5,1,0.213,2B| 1B,-1.614,-0.229,-0.955,-0.524,-1.341,-4.663,0.6019999999999994,5.265,1.444663031315131,
208,Ty France,MIN| TOR,136,5,RIGHT,490,444,114,50,7,52,22,1,0,0.257,1B,-1.338,-1.437,-0.955,-0.905,-0.069,-4.703,-0.5920000000000005,4.111,-1.420665306542457,
209,Jake Burger,TEX,103,7,RIGHT,376,356,84,43,16,53,12,1,1,0.236,1B,-1.724,-0.531,-0.905,-0.905,-0.676,-4.741,-0.6299999999999999,4.111,-1.5118566606786268,
210,Nolan Arenado,SLN,106,4,RIGHT,436,401,95,48,12,52,28,3,0,0.237,3B,-1.448,-0.933,-0.955,-0.714,-0.729,-4.781,0.484,5.265,1.1614898789975483,
211,Tommy Pham,PIT,115,4,RIGHT,449,392,96,43,10,52,50,5,3,0.245,LF,-1.724,-1.135,-0.955,-0.524,-0.45,-4.788,0.4769999999999994,5.265,1.1446914716566734,
212,Jeff McNeil,NYN,122,5,LEFT,462,399,97,42,12,54,49,3,0,0.243,2B| CF,-1.779,-0.933,-0.856,-0.714,-0.518,-4.801,0.4639999999999995,5.265,1.113494429452194,
213,Alek Thomas,ARI,135,8,LEFT,469,433,108,50,9,38,21,7,4,0.249,CF,-1.338,-1.235,-1.65,-0.334,-0.333,-4.89,0.375,5.265,0.8999146789753731,
214,Angel Martinez,CLE,135,2,SWITCH,484,446,100,55,11,45,23,8,2,0.224,CF| 2B,-1.063,-1.034,-1.302,-0.238,-1.286,-4.924,0.3409999999999993,5.265,0.818322414748271,
215,Willi Castro,CHN| MIN,119,7,SWITCH,454,402,91,58,11,33,40,10,4,0.226,2B| 3B| LF| RF,-0.897,-1.034,-1.898,-0.048,-1.087,-4.964,0.30099999999999927,5.265,0.7223315156575645,
216,Ke'Bryan Hayes,CIN| PIT,150,6,RIGHT,570,527,124,50,5,49,36,12,3,0.235,3B,-1.338,-1.638,-1.104,0.142,-1.03,-4.968,0.2969999999999997,5.265,0.7127324257484948,
217,Carlos Santana,CHN| CLE,122,5,SWITCH,474,415,91,49,11,54,52,7,0,0.219,1B,-1.393,-1.034,-0.856,-0.334,-1.369,-4.985,-0.8740000000000006,4.111,-2.0974011451319376,
218,Tommy Edman,LAN,96,6,SWITCH,377,346,78,49,13,49,19,3,1,0.225,2B| CF,-1.393,-0.833,-1.104,-0.714,-0.962,-5.007,0.258,5.265,0.6191412991350568,
219,Chase Meidroth,CHA,119,1,RIGHT,505,450,114,54,5,23,45,14,4,0.253,2B| SS,-1.118,-1.638,-2.394,0.333,-0.199,-5.016,0.24899999999999967,5.265,0.597543346839647,
220,Heriberto Hernandez,MIA,86,4,RIGHT,294,256,68,40,10,45,31,1,1,0.266,LF| DH,-1.889,-1.135,-1.302,-0.905,0.151,-5.08,0.1849999999999996,5.265,0.4439579082945165,
221,Jakob Marsee,MIA,55,2,LEFT,234,209,61,28,5,33,22,14,6,0.292,CF,-2.55,-1.638,-1.898,0.333,0.583,-5.17,0.09499999999999975,5.265,0.22797838534042728,
222,Matt Wallner,MIN,103,5,LEFT,392,336,68,47,22,40,46,4,3,0.202,RF,-1.503,0.073,-1.551,-0.619,-1.584,-5.184,0.08099999999999952,5.265,0.19438157065867945,
223,Victor Caratini,HOU,113,6,SWITCH,386,344,89,35,12,46,23,1,0,0.259,CC| DH,-2.164,-0.933,-1.253,-0.905,0.003,-5.252,1.4190000000000005,6.671,3.405277145242813,
224,Gabriel Arias,CLE,127,6,RIGHT,471,432,95,43,11,54,27,8,4,0.22,2B| SS,-1.724,-1.034,-0.856,-0.238,-1.402,-5.254,0.01100000000000012,5.265,0.02639749724994457,
225,Starling Marte,NYN,96,6,RIGHT,329,293,79,36,9,34,22,7,2,0.27,DH,-2.109,-1.235,-1.848,-0.334,0.271,-5.256,-2.1727500000000006,3.0832499999999996,-5.214105649983313,
226,Jonathan India,KCA,136,1,RIGHT,567,497,116,62,9,45,54,0,4,0.233,3B| LF| DH| 2B,-0.677,-1.235,-1.302,-1.0,-1.05,-5.265,0.0,5.265,0.0,
227,Myles Straw,TOR,104,9,RIGHT,299,267,70,45,4,32,19,10,1,0.262,CF| LF,-1.614,-1.739,-1.948,-0.048,0.08,-5.268,-0.0030000000000001137,5.265,-0.007199317431803258,
228,Dominic Canzone,SEA,82,7,LEFT,269,243,73,30,11,32,20,3,1,0.3,RF,-2.44,-1.034,-1.948,-0.714,0.852,-5.284,-0.019000000000000128,5.265,-0.045595677068085885,
229,Mike Tauchman,CHA,93,1,LEFT,385,335,88,44,9,40,45,0,0,0.263,RF,-1.669,-1.235,-1.551,-1.0,0.115,-5.34,-0.07500000000000018,5.265,-0.17998293579507507,
230,Rowdy Tellez,SEA| TEX,110,6,LEFT,312,289,66,34,17,49,17,1,0,0.228,1B,-2.219,-0.43,-1.104,-0.905,-0.733,-5.391,-1.2800000000000002,4.111,-3.0717087709026076,
231,Connor Norby,MIA,87,6,RIGHT,337,311,78,41,8,34,18,8,2,0.251,3B,-1.834,-1.336,-1.848,-0.238,-0.203,-5.46,-0.19500000000000028,5.265,-0.46795563306719473,
232,Tyler Stephenson,CIN,88,7,RIGHT,342,299,69,40,13,50,37,0,1,0.231,CC,-1.889,-0.833,-1.054,-1.0,-0.698,-5.474,1.197,6.671,2.8725276552893915,
233,Ezequiel Tovar,COL,95,2,RIGHT,390,360,91,44,9,33,21,5,3,0.253,SS,-1.669,-1.235,-1.898,-0.524,-0.176,-5.502,-1.2829999999999995,4.219,-3.078908088334409,
234,Kyle Teel,CHA,77,5,LEFT,297,253,69,38,8,35,37,3,1,0.273,CC,-1.999,-1.336,-1.799,-0.714,0.3,-5.549,1.1219999999999999,6.671,2.6925447194943164,
235,Colton Cowser,BAL,91,6,LEFT,360,327,64,36,16,40,27,14,0,0.196,LF| CF,-2.109,-0.531,-1.551,0.333,-1.724,-5.582,-0.31700000000000017,5.265,-0.7607278752938492,
236,Luke Keaschall,MIN,49,4,RIGHT,207,182,55,25,4,28,19,14,3,0.302,2B,-2.715,-1.739,-2.146,0.333,0.665,-5.602,-0.33700000000000063,5.265,-0.8087233248392036,
237,Kyle Higashioka,TEX,93,8,RIGHT,327,303,73,33,11,47,20,3,1,0.241,CC| DH,-2.275,-1.034,-1.203,-0.714,-0.449,-5.675,0.9960000000000004,6.671,2.390173387358592,
238,Dylan Crews,WAS,83,7,RIGHT,322,293,61,43,10,27,24,17,5,0.208,RF,-1.724,-1.135,-2.196,0.619,-1.239,-5.675,-0.41000000000000014,5.265,-0.9839067156797418,
239,Edmundo Sosa,PHI,85,7,RIGHT,261,243,67,29,11,39,10,1,1,0.276,2B| 3B,-2.495,-1.034,-1.6,-0.905,0.349,-5.685,-0.41999999999999993,5.265,-1.0079044404524178,
240,Daniel Schneemann,CLE,127,2,LEFT,422,379,78,46,12,41,38,9,3,0.206,2B| CF| 3B,-1.558,-0.933,-1.501,-0.143,-1.678,-5.814,-0.5490000000000004,5.265,-1.3174750900199472,
241,Ramon Urias,BAL| HOU,110,5,RIGHT,391,352,85,33,11,44,27,3,0,0.241,3B| 2B,-2.275,-1.034,-1.352,-0.714,-0.505,-5.881,-0.6160000000000005,5.265,-1.478259845996881,
242,JJ Bleday,ATH,97,5,LEFT,344,307,65,48,14,39,36,1,2,0.212,CF| RF,-1.448,-0.732,-1.6,-0.905,-1.207,-5.892,-0.6270000000000007,5.265,-1.5046573432468255,
243,Eli White,ATL,89,8,RIGHT,271,256,60,36,10,35,11,7,1,0.234,RF| LF,-2.109,-1.135,-1.799,-0.334,-0.52,-5.897,-0.6320000000000006,5.265,-1.5166562056331636,
244,Nolan Gorman,SLN,109,7,LEFT,402,351,72,48,14,46,47,1,1,0.205,DH| 2B| 3B,-1.448,-0.732,-1.253,-0.905,-1.574,-5.912,-0.6470000000000002,5.265,-1.5526527927921778,
245,Patrick Bailey,SFN,129,8,SWITCH,452,409,91,47,6,55,30,1,0,0.222,CC,-1.503,-1.537,-0.806,-0.905,-1.238,-5.99,0.681,6.671,1.634245057019278,
246,Dane Myers,MIA,102,9,RIGHT,333,307,72,28,6,31,23,18,5,0.235,RF| CF,-2.55,-1.537,-1.997,0.714,-0.62,-5.991,-0.726,5.265,-1.7422348184963226,
247,Liam Hicks,MIA,119,4,LEFT,390,332,82,37,6,45,43,2,0,0.247,CC| DH| 1B,-2.054,-1.537,-1.302,-0.81,-0.323,-6.027,0.6440000000000001,6.671,1.5454534753603746,
248,Javier Sanoja,MIA,110,9,RIGHT,342,313,76,38,6,38,19,6,4,0.243,LF| 3B| 2B,-1.999,-1.537,-1.65,-0.429,-0.414,-6.03,-0.7650000000000006,5.265,-1.8358259451097627,
249,Alex Call,LAN| WAS,97,6,RIGHT,322,270,72,42,5,31,36,2,1,0.267,RF| LF,-1.779,-1.638,-1.997,-0.81,0.183,-6.041,-0.7760000000000007,5.265,-1.8622234423597073,
250,Rhys Hoskins,MIL,90,6,RIGHT,328,279,66,30,12,43,38,2,1,0.237,1B,-2.44,-0.933,-1.402,-0.81,-0.516,-6.1,-1.9889999999999999,4.111,-4.773147457285379,
251,Brooks Baldwin,CHA,102,8,SWITCH,328,300,72,30,11,38,21,5,0,0.24,RF| LF| CF,-2.44,-1.034,-1.65,-0.524,-0.468,-6.116,-0.851,5.265,-2.04220637815478,
252,Kyle Isbel,KCA,126,9,LEFT,409,368,94,41,4,33,23,4,5,0.255,CF,-1.834,-1.739,-1.898,-0.619,-0.098,-6.188,-0.923,5.265,-2.214989996518052,
253,Yoan Moncada,ANA,84,3,SWITCH,289,248,58,39,12,35,32,0,0,0.234,3B,-1.944,-0.933,-1.799,-1.0,-0.514,-6.191,-0.9260000000000002,5.265,-2.222189313949855,
254,Brayan Rocchio,CLE,111,9,SWITCH,383,344,80,34,5,44,22,8,4,0.233,SS| 2B,-2.219,-1.638,-1.352,-0.238,-0.751,-6.199,-0.9340000000000002,5.265,-2.2413874937679967,
255,Pedro Pages,SLN,107,8,RIGHT,389,361,83,38,11,45,19,0,0,0.23,CC,-1.999,-1.034,-1.302,-1.0,-0.868,-6.204,0.4670000000000005,6.671,1.1206937468839993,
256,Evan Carter,TEX,61,5,LEFT,220,194,48,30,5,25,19,14,2,0.247,CF,-2.44,-1.638,-2.295,0.333,-0.182,-6.222,-0.9570000000000007,5.265,-2.2965822607451543,
257,Logan O'Hoppe,ANA,119,5,RIGHT,451,423,90,35,19,43,24,2,1,0.213,CC,-2.164,-0.229,-1.402,-0.81,-1.626,-6.23,0.44099999999999984,6.671,1.0582996624750385,
258,Taylor Walls,TBA,90,9,SWITCH,317,282,62,35,4,38,26,13,5,0.22,SS,-2.164,-1.739,-1.65,0.238,-0.916,-6.232,-2.013,4.219,-4.830741996739803,
259,Miguel Rojas,LAN,110,9,RIGHT,317,290,76,35,7,27,24,5,0,0.262,SS| 2B| 3B,-2.164,-1.437,-2.196,-0.524,0.084,-6.237,-0.9720000000000004,5.265,-2.3325788479041685,
260,Casey Schmitt,SFN,94,6,RIGHT,348,312,74,34,12,40,27,0,0,0.237,2B| 3B,-2.219,-0.933,-1.551,-1.0,-0.56,-6.264,-0.9990000000000006,5.265,-2.3973727047903957,
261,Will Benson,CIN,85,8,LEFT,253,230,52,30,12,41,16,2,2,0.226,LF| RF,-2.44,-0.933,-1.501,-0.81,-0.627,-6.311,-1.0460000000000003,5.265,-2.510162011221975,
262,Mauricio Dubon,HOU,119,9,RIGHT,398,369,89,43,7,33,24,3,0,0.241,2B| LF| 3B| SS,-1.724,-1.437,-1.898,-0.714,-0.539,-6.312,-1.0470000000000006,5.265,-2.5125617836992435,
263,Bo Naylor,CLE,119,8,LEFT,414,359,70,46,14,47,45,1,2,0.195,CC,-1.558,-0.732,-1.203,-0.905,-1.915,-6.314,0.3570000000000002,6.671,0.8567187743845558,
264,Rob Refsnyder,BOS,70,4,RIGHT,209,182,49,29,9,30,24,3,0,0.269,RF| DH,-2.495,-1.235,-2.047,-0.714,0.162,-6.329,-1.064,5.265,-2.5533579158127924,
265,Jared Triolo,PIT,100,1,RIGHT,376,331,75,41,7,24,39,12,2,0.227,3B| SS,-1.834,-1.437,-2.345,0.142,-0.889,-6.362,-1.0970000000000004,5.265,-2.632550407562626,
266,Francisco Alvarez,NYN,74,7,RIGHT,277,246,63,32,11,32,27,0,0,0.256,CC,-2.33,-1.034,-1.948,-1.0,-0.052,-6.363,0.30799999999999983,6.671,0.7391299229984395,
267,Andres Gimenez,TOR,98,9,LEFT,369,329,69,39,7,35,25,12,2,0.21,2B,-1.944,-1.437,-1.799,0.142,-1.348,-6.386,-1.1210000000000004,5.265,-2.69014494701705,
268,Christopher Morel,TBA,100,5,RIGHT,305,278,61,34,11,33,25,7,2,0.219,LF,-2.219,-1.034,-1.898,-0.334,-0.913,-6.399,-1.1340000000000003,5.265,-2.7213419892215294,
269,Davis Schneider,TOR,80,6,RIGHT,227,188,44,33,11,31,36,3,1,0.234,LF| 2B,-2.275,-1.034,-1.997,-0.714,-0.387,-6.408,-1.1430000000000007,5.265,-2.7429399415169393,
270,Ryan Mountcastle,BAL,88,4,RIGHT,357,332,83,34,7,35,15,3,0,0.25,1B| DH,-2.219,-1.437,-1.799,-0.714,-0.239,-6.409,-2.298,4.111,-5.514677152761087,
271,Pavin Smith,ARI,86,3,LEFT,288,244,63,36,8,28,41,2,2,0.258,DH| 1B,-2.109,-1.336,-2.146,-0.81,-0.008,-6.41,-2.2990000000000004,4.111,-5.517076925238356,
272,Edgar Quero,CHA,111,5,SWITCH,403,365,98,31,5,36,32,0,1,0.268,CC| DH,-2.385,-1.638,-1.749,-1.0,0.303,-6.469,0.20199999999999996,6.671,0.4847540404080676,
273,Sean Murphy,ATL,93,6,RIGHT,337,291,58,34,16,45,35,0,0,0.199,CC,-2.219,-0.531,-1.302,-1.0,-1.447,-6.5,0.17100000000000026,6.671,0.4103610936127708,
274,Jordan Walker,SLN,104,7,RIGHT,396,363,78,36,6,41,29,10,3,0.215,RF,-2.109,-1.537,-1.501,-0.048,-1.331,-6.527,-1.2620000000000005,5.265,-3.0285128663117904,
275,Danny Jansen,MIL| TBA,98,9,RIGHT,337,288,62,38,14,36,42,0,0,0.215,CC,-1.999,-0.732,-1.749,-1.0,-1.046,-6.527,0.14400000000000013,6.671,0.3455672367265436,
276,Dominic Smith,SFN,63,4,LEFT,225,204,58,26,5,33,15,2,0,0.284,1B,-2.66,-1.638,-1.898,-0.81,0.44,-6.566,-2.455,4.111,-5.89144143169211,
277,Jacob Young,WAS,107,9,RIGHT,364,324,75,32,2,31,27,15,9,0.231,CF,-2.33,-1.94,-1.997,0.428,-0.737,-6.576,-1.311,5.265,-3.1461017176979045,
278,Nick Gonzales,PIT,96,4,RIGHT,408,381,99,39,5,30,21,0,2,0.26,2B,-1.944,-1.638,-2.047,-1.0,0.04,-6.589,-1.3240000000000007,5.265,-3.177298759902386,
279,Jonah Heim,TEX,122,8,SWITCH,433,395,84,38,11,43,32,3,0,0.213,CC| DH,-1.999,-1.034,-1.402,-0.714,-1.522,-6.671,0.0,6.671,0.0,
280,Jake Bauers,MIL,83,7,LEFT,218,183,43,28,7,28,32,8,1,0.235,1B| LF,-2.55,-1.437,-2.146,-0.238,-0.363,-6.734,-1.4690000000000003,5.265,-3.525265769106196,
281,Michael Conforto,LAN,138,7,LEFT,486,418,83,54,12,36,56,1,0,0.199,LF,-1.118,-0.933,-1.749,-0.905,-2.105,-6.81,-1.545,5.265,-3.7076484773785374,
282,Dylan Moore,SEA| TEX,95,7,RIGHT,243,219,44,30,11,25,20,10,5,0.201,2B| RF,-2.44,-1.034,-2.295,-0.048,-1.059,-6.877,-1.612,5.265,-3.868433233355471,
283,Michael Taylor,CHA,111,9,RIGHT,325,295,59,31,9,35,23,8,2,0.2,LF| RF| CF,-2.385,-1.235,-1.799,-0.238,-1.45,-7.107,-1.8420000000000005,5.265,-4.420380903127034,
284,Abraham Toro,BOS,77,7,SWITCH,284,259,62,33,7,27,14,2,1,0.239,1B,-2.275,-1.437,-2.196,-0.81,-0.417,-7.134,-3.0230000000000006,4.111,-7.2545121987801435,
285,Jorge Soler,ANA,81,4,RIGHT,315,279,60,31,12,34,28,0,0,0.215,DH| RF,-2.385,-0.933,-1.848,-1.0,-1.019,-7.186,-1.9210000000000003,5.265,-4.609962928831179,
286,Coby Mayo,BAL,84,7,RIGHT,294,263,57,30,11,28,27,3,0,0.217,1B,-2.44,-1.034,-2.146,-0.714,-0.923,-7.258,-3.1470000000000002,4.111,-7.552083985961333,
287,Jahmai Jones,DET,70,1,RIGHT,150,129,37,21,7,23,18,2,0,0.287,DH,-2.936,-1.437,-2.394,-0.81,0.305,-7.271,-4.18775,3.0832499999999996,-10.049647191677652,
288,Jake Fraley,ATL| CIN,72,8,LEFT,217,191,46,30,6,23,25,4,3,0.241,RF,-2.44,-1.537,-2.394,-0.619,-0.285,-7.275,-2.0100000000000007,5.265,-4.823542679308002,
289,Randal Grichuk,ARI| KCA,112,3,RIGHT,293,272,62,35,9,27,17,0,1,0.228,DH| RF,-2.164,-1.235,-2.196,-1.0,-0.699,-7.295,-2.0300000000000002,5.265,-4.871538128853354,
290,Tyrone Taylor,NYN,101,9,RIGHT,341,310,69,33,2,27,16,11,2,0.223,CF,-2.275,-1.94,-2.196,0.047,-0.936,-7.3,-2.035,5.265,-4.883536991239692,
291,Ben Williamson,SEA,82,8,RIGHT,295,277,70,36,1,21,15,5,1,0.253,3B,-2.109,-2.041,-2.494,-0.524,-0.137,-7.305,-2.04,5.265,-4.89553585362603,
292,Blaze Alexander,ARI,68,5,RIGHT,266,230,53,31,7,28,22,2,6,0.23,3B,-2.385,-1.437,-2.146,-0.81,-0.543,-7.321,-2.056,5.265,-4.933932213262313,
293,Otto Kemp,PHI,62,7,RIGHT,218,197,46,26,8,28,12,2,2,0.234,3B,-2.66,-1.336,-2.146,-0.81,-0.415,-7.367,-2.1020000000000003,5.265,-5.044321747216626,
294,Jose Iglesias,SDN,108,7,RIGHT,343,306,70,29,3,36,24,5,1,0.229,3B| 2B| SS,-2.495,-1.839,-1.749,-0.524,-0.766,-7.373,-2.1080000000000005,5.265,-5.0587203820802324,
295,Adley Rutschman,BAL,90,2,SWITCH,365,322,71,37,9,29,40,0,0,0.22,CC,-2.054,-1.235,-2.097,-1.0,-1.029,-7.415,-0.7439999999999998,6.671,-1.7854307230871398,
296,Freddy Fermin,KCA| SDN,102,9,RIGHT,347,319,80,30,5,26,19,1,2,0.251,CC,-2.44,-1.638,-2.246,-0.905,-0.209,-7.437,-0.766,6.671,-1.838225717587029,
297,Hyeseong Kim,LAN,58,9,LEFT,170,161,45,17,3,17,7,10,1,0.28,2B,-3.156,-1.839,-2.692,-0.048,0.282,-7.453,-2.1880000000000006,5.265,-5.250702180261646,
298,Enrique Hernandez,LAN,85,8,RIGHT,256,232,47,30,10,35,18,0,0,0.203,1B| 3B,-2.44,-1.135,-1.799,-1.0,-1.09,-7.463,-2.1980000000000004,5.265,-5.274699905034321,
299,Sam Haggerty,TEX,58,1,SWITCH,182,162,41,28,2,13,16,10,3,0.253,LF,-2.55,-1.94,-2.891,-0.048,-0.075,-7.504,-2.239,5.265,-5.373090576602294,
300,Nolan Jones,CLE,130,5,LEFT,403,355,75,31,5,34,39,8,3,0.211,RF| CF,-2.385,-1.638,-1.848,-0.238,-1.409,-7.519,-2.2540000000000004,5.265,-5.409087163761311,
301,Mitch Garver,SEA,87,5,RIGHT,290,254,53,29,9,30,30,3,0,0.209,CC| DH,-2.495,-1.235,-2.047,-0.714,-1.064,-7.555,-0.8839999999999995,6.671,-2.1213988699046116,
302,Brady House,WAS,73,6,RIGHT,274,261,61,26,4,29,8,5,3,0.234,3B,-2.66,-1.739,-2.097,-0.524,-0.545,-7.564,-2.2990000000000004,5.265,-5.517076925238356,
303,Yordan Alvarez,HOU,48,3,LEFT,199,165,45,17,6,27,28,1,1,0.273,DH,-3.156,-1.537,-2.196,-0.905,0.195,-7.599,-4.515750000000001,3.0832499999999996,-10.836772564221446,
304,Amed Rosario,NYA| WAS,60,2,RIGHT,191,181,50,19,6,23,7,1,0,0.276,3B,-3.046,-1.537,-2.394,-0.905,0.268,-7.615,-2.3500000000000005,5.265,-5.6394653215790065,
305,Luis Matos,SFN,55,8,RIGHT,184,172,38,25,8,22,11,4,0,0.221,RF,-2.715,-1.336,-2.444,-0.619,-0.543,-7.658,-2.3930000000000007,5.265,-5.742655538101516,
306,Thomas Saggese,SLN,81,6,RIGHT,295,275,71,25,2,25,16,3,0,0.258,2B| SS,-2.715,-1.94,-2.295,-0.714,-0.01,-7.674,-2.4090000000000007,5.265,-5.781051897737799,
307,Elias Diaz,SDN,96,9,RIGHT,283,255,52,34,9,29,21,0,0,0.204,CC,-2.219,-1.235,-2.097,-1.0,-1.169,-7.721,-1.0499999999999998,6.671,-2.5197611011310443,
308,Luis Urias,ATH,92,7,RIGHT,330,287,66,27,8,25,31,2,1,0.23,2B,-2.605,-1.336,-2.295,-0.81,-0.689,-7.735,-2.4700000000000006,5.265,-5.927438018851126,
309,Tyler Heineman,TOR,54,8,SWITCH,174,149,43,21,3,20,12,2,0,0.289,CC,-2.936,-1.839,-2.543,-0.81,0.375,-7.753,-1.0819999999999999,6.671,-2.5965538204036096,
310,David Hamilton,BOS,65,8,LEFT,194,177,35,22,6,19,13,12,4,0.198,2B,-2.88,-1.537,-2.593,0.142,-0.903,-7.772,-2.5070000000000006,5.265,-6.016229600510029,
311,Tim Tawa,ARI,69,8,RIGHT,225,199,40,29,7,18,20,8,2,0.201,2B,-2.495,-1.437,-2.643,-0.238,-0.961,-7.774,-2.5090000000000003,5.265,-6.021029145464564,
312,Masataka Yoshida,BOS,55,5,LEFT,205,188,50,16,4,26,10,3,0,0.266,DH,-3.211,-1.739,-2.246,-0.714,0.116,-7.794,-4.71075,3.0832499999999996,-11.304728197288638,
313,Kameron Misner,TBA,63,6,LEFT,217,197,42,26,5,22,16,7,1,0.213,CF,-2.66,-1.638,-2.444,-0.334,-0.75,-7.826,-2.561,5.265,-6.145817314282482,
314,Kyle Farmer,COL,96,7,RIGHT,300,277,63,24,8,31,17,0,1,0.227,2B| DH,-2.77,-1.336,-1.997,-1.0,-0.724,-7.828,-2.5630000000000006,5.265,-6.150616859237019,
315,Joey Bart,PIT,90,4,RIGHT,332,285,71,21,4,30,40,1,1,0.249,CC,-2.936,-1.739,-2.047,-0.905,-0.227,-7.853,-1.1819999999999995,6.671,-2.836531068130375,
316,Christian Koss,SFN,61,9,RIGHT,191,174,46,20,3,23,9,3,1,0.264,2B,-2.991,-1.839,-2.394,-0.714,0.084,-7.855,-2.5900000000000007,5.265,-6.215410716123246,
317,Trey Sweeney,DET,108,8,LEFT,326,296,58,36,6,32,26,3,1,0.196,SS,-2.109,-1.537,-1.948,-0.714,-1.555,-7.864,-3.6449999999999996,4.219,-8.747170679640627,
318,Jeremiah Jackson,BAL,48,2,RIGHT,183,170,47,20,5,21,11,0,2,0.276,RF,-2.991,-1.638,-2.494,-1.0,0.255,-7.868,-2.6030000000000006,5.265,-6.246607758327725,
319,Tyler O'Neill,BAL,54,4,RIGHT,209,181,36,22,9,26,22,4,0,0.199,RF,-2.88,-1.235,-2.246,-0.619,-0.906,-7.887,-2.622,5.265,-6.292203435395809,
320,Austin Martin,MIN,46,2,RIGHT,181,156,44,21,1,7,22,10,4,0.282,LF,-2.936,-2.041,-3.189,-0.048,0.307,-7.906,-2.641,5.265,-6.337799112463895,
321,Andy Ibanez,DET,86,6,RIGHT,193,176,42,23,4,21,12,4,1,0.239,3B,-2.825,-1.739,-2.494,-0.619,-0.295,-7.972,-2.7070000000000007,5.265,-6.496184095963563,
322,Jose Trevino,CIN,89,8,RIGHT,302,282,67,30,4,22,15,0,0,0.238,CC,-2.44,-1.739,-2.444,-1.0,-0.497,-8.12,-1.448999999999999,6.671,-3.4772703195608394,
323,Curtis Mead,CHA| TBA,88,6,RIGHT,264,240,56,26,3,19,15,5,1,0.233,1B| 3B,-2.66,-1.839,-2.593,-0.524,-0.509,-8.125,-2.8600000000000003,5.265,-6.863349284985514,
324,Austin Wynns,ATH| CIN,36,9,RIGHT,110,103,30,13,6,21,5,0,0,0.291,CC,-3.376,-1.537,-2.494,-1.0,0.282,-8.125,-1.4539999999999997,6.671,-3.4892691819471797,
325,Paul DeJong,WAS,55,7,RIGHT,208,193,44,18,6,23,11,4,0,0.228,3B,-3.101,-1.537,-2.394,-0.619,-0.496,-8.148,-2.883,5.265,-6.9185440519626695,
326,Ha-Seong Kim,ATL| TBA,48,5,RIGHT,191,171,40,19,5,17,16,6,2,0.234,SS,-3.046,-1.638,-2.692,-0.429,-0.354,-8.159,-3.9400000000000004,4.219,-9.455103560434589,
327,Reese McGuire,CHN,40,9,LEFT,140,133,30,16,9,24,4,0,0,0.226,CC,-3.211,-1.235,-2.345,-1.0,-0.368,-8.16,-1.4889999999999999,6.671,-3.573261218651548,
328,Blake Perkins,MIL,47,8,SWITCH,171,155,35,22,3,19,15,6,2,0.226,CF,-2.88,-1.839,-2.593,-0.429,-0.426,-8.168,-2.9029999999999996,5.265,-6.966539501508021,
329,Miguel Amaya,CHN,28,8,RIGHT,103,96,27,14,4,25,4,0,0,0.281,CC,-3.321,-1.739,-2.295,-1.0,0.182,-8.173,-1.5019999999999998,6.671,-3.6044582608560276,
330,Michael Helman,TEX,36,9,RIGHT,110,99,23,17,5,20,7,4,0,0.232,CF,-3.156,-1.638,-2.543,-0.619,-0.218,-8.175,-2.910000000000001,5.265,-6.983337908848898,
331,Johan Rojas,PHI,61,9,RIGHT,172,152,34,19,1,18,13,10,1,0.224,CF,-3.046,-2.041,-2.643,-0.048,-0.445,-8.222,-2.957,5.265,-7.096127215280475,
332,Kristian Campbell,BOS,67,6,RIGHT,263,229,51,24,6,21,29,2,1,0.223,2B,-2.77,-1.537,-2.494,-0.81,-0.689,-8.3,-3.035000000000001,5.265,-7.2833094685073565,
333,Alexander Canario,PIT,75,6,RIGHT,234,216,47,24,6,20,17,3,1,0.218,LF| RF| CF,-2.77,-1.537,-2.543,-0.714,-0.743,-8.308,-3.043,5.265,-7.302507648325496,
334,Joey Loperfido,TOR,38,7,LEFT,104,96,32,12,4,14,4,1,2,0.333,LF,-3.431,-1.739,-2.841,-0.905,0.602,-8.314,-3.0490000000000004,5.265,-7.316906283189102,
335,Nick Allen,ATL,130,9,RIGHT,416,371,82,32,0,22,31,8,7,0.221,SS,-2.33,-2.141,-2.444,-0.238,-1.169,-8.323,-4.104,4.219,-9.848666246706484,
336,Colby Thomas,ATH,47,6,RIGHT,132,120,27,19,6,19,7,2,1,0.225,RF,-3.046,-1.537,-2.593,-0.81,-0.338,-8.324,-3.059,5.265,-7.340904007961778,
337,Luis Torrens,NYN,88,9,RIGHT,283,261,59,20,5,29,19,1,0,0.226,CC,-2.991,-1.638,-2.097,-0.905,-0.712,-8.343,-1.6719999999999997,6.671,-4.01241958199153,
338,Michael Toglia,COL,87,5,SWITCH,337,306,58,22,11,32,28,3,0,0.19,1B,-2.88,-1.034,-1.948,-0.714,-1.772,-8.349,-4.238,4.111,-10.170235758660352,
339,Andruw Monasterio,MIL,50,9,RIGHT,135,126,34,16,4,16,7,2,1,0.27,SS,-3.211,-1.739,-2.742,-0.81,0.119,-8.382,-4.162999999999999,4.219,-9.990252822865274,
340,James McCann,ARI,38,7,RIGHT,137,123,32,18,5,17,8,0,0,0.26,CC,-3.101,-1.638,-2.692,-1.0,0.016,-8.415,-1.7439999999999989,6.671,-4.1852032003548,
341,Max Muncy,ATH,60,5,RIGHT,220,206,44,17,9,23,10,1,1,0.214,2B| 3B,-3.156,-1.235,-2.394,-0.905,-0.778,-8.468,-3.2030000000000003,5.265,-7.686471244688321,
342,Keibert Ruiz,WAS,68,4,SWITCH,267,255,63,19,2,25,8,0,2,0.247,CC,-3.046,-1.94,-2.295,-1.0,-0.247,-8.528,-1.8570000000000002,6.671,-4.456377490286049,
343,Tyler Fitzgerald,SFN,69,9,RIGHT,243,217,47,19,4,14,17,9,4,0.217,2B,-3.046,-1.739,-2.841,-0.143,-0.765,-8.533,-3.268,5.265,-7.842456455710718,
344,Michael Massey,KCA,75,5,LEFT,277,262,64,19,3,20,9,2,1,0.244,2B,-3.046,-1.839,-2.543,-0.81,-0.315,-8.553,-3.288000000000001,5.265,-7.890451905256075,
345,Ryan Ritter,COL,59,9,RIGHT,207,187,45,22,1,18,10,3,1,0.241,SS| 2B,-2.88,-2.041,-2.643,-0.714,-0.282,-8.56,-3.295000000000001,5.265,-7.907250312596948,
346,Joc Pederson,TEX,96,3,LEFT,306,265,48,28,9,26,34,2,0,0.181,DH,-2.55,-1.235,-2.246,-0.81,-1.722,-8.562,-5.47875,3.0832499999999996,-13.147753459830202,
347,Robert Hassell,WAS,64,9,LEFT,206,197,44,22,3,18,8,4,0,0.223,CF,-2.88,-1.839,-2.643,-0.619,-0.582,-8.564,-3.2990000000000004,5.265,-7.916849402506017,
348,C. J. Kayfus,CLE,42,8,LEFT,138,123,27,16,4,19,11,4,0,0.22,RF,-3.211,-1.739,-2.593,-0.619,-0.403,-8.565,-3.3,5.265,-7.919249174983284,
349,Gary Sanchez,BAL,28,7,RIGHT,101,91,21,13,5,24,4,0,0,0.231,CC,-3.376,-1.638,-2.345,-1.0,-0.212,-8.572,-1.900999999999999,6.671,-4.561967479285823,
350,Nick Fortes,MIA| TBA,86,9,RIGHT,242,218,50,19,5,21,14,1,0,0.229,CC,-3.046,-1.638,-2.494,-0.905,-0.535,-8.617,-1.9460000000000006,6.671,-4.669957240762871,
351,Thairo Estrada,COL,39,5,RIGHT,165,154,39,14,3,21,6,1,3,0.253,2B,-3.321,-1.839,-2.494,-0.905,-0.069,-8.628,-3.3630000000000004,5.265,-8.070434841051148,
352,Nasim Nunez,WAS,32,9,SWITCH,92,82,19,11,4,13,8,7,1,0.232,,-3.486,-1.739,-2.891,-0.334,-0.185,-8.634,-8.634,0.0,-20.719635568728993,
353,Cole Young,SEA,75,9,LEFT,257,223,47,24,4,24,28,1,0,0.211,2B,-2.77,-1.739,-2.345,-0.905,-0.895,-8.653,-3.388000000000001,5.265,-8.13042915298284,
354,Drew Waters,KCA,67,7,SWITCH,219,206,50,20,1,14,11,5,3,0.243,LF| RF| CF,-2.991,-2.041,-2.841,-0.524,-0.274,-8.671,-3.4059999999999997,5.265,-8.173625057573656,
355,Parker Meadows,DET,56,1,LEFT,213,191,41,22,4,16,21,4,0,0.215,CF,-2.88,-1.739,-2.742,-0.619,-0.704,-8.684,-3.4189999999999996,5.265,-8.204822099778134,
356,Ronny Mauricio,NYN,58,8,SWITCH,184,168,38,19,6,10,15,4,0,0.226,3B,-3.046,-1.537,-3.04,-0.619,-0.457,-8.699,-3.434,5.265,-8.240818686937152,
357,Troy Johnston,MIA,44,7,LEFT,121,112,31,12,4,13,8,2,2,0.277,,-3.431,-1.739,-2.891,-0.81,0.171,-8.7,-8.7,0.0,-20.878020552228655,
358,Christian Moore,ANA,50,9,RIGHT,184,162,32,20,7,16,19,3,0,0.198,2B,-2.991,-1.437,-2.742,-0.714,-0.83,-8.713,-3.4479999999999995,5.265,-8.274415501618897,
359,Kyren Paris,ANA,43,8,RIGHT,140,126,24,19,6,11,10,6,1,0.19,CF,-3.046,-1.537,-2.99,-0.429,-0.72,-8.722,-3.457,5.265,-8.296013453914307,
360,Carlos Cortes,ATH,39,7,LEFT,99,94,29,10,4,14,3,0,0,0.309,,-3.541,-1.739,-2.841,-1.0,0.393,-8.728,-8.728,0.0,-20.945214181592153,
361,Riley Adams,WAS,81,8,RIGHT,286,263,49,28,8,24,18,1,0,0.186,CC,-2.55,-1.336,-2.345,-0.905,-1.594,-8.73,-2.059,6.671,-4.941131530694116,
362,Jake McCarthy,ARI,65,9,LEFT,222,206,42,18,4,20,10,6,0,0.204,LF,-3.101,-1.739,-2.543,-0.429,-0.945,-8.757,-3.492,5.265,-8.380005490618675,
363,Ildemaro Vargas,ARI,37,6,SWITCH,121,115,31,12,3,19,2,0,0,0.27,,-3.431,-1.839,-2.593,-1.0,0.106,-8.758,-8.758,0.0,-21.01720735591018,
364,Luisangel Acuna,NYN,68,8,RIGHT,193,175,41,18,0,8,13,10,1,0.234,2B,-3.101,-2.141,-3.139,-0.048,-0.357,-8.786,-3.521,5.265,-8.449598892459438,
365,Yohel Pozo,SLN,63,8,RIGHT,168,160,37,16,5,19,7,0,0,0.231,CC,-3.211,-1.638,-2.593,-1.0,-0.367,-8.809,-2.137999999999999,6.671,-5.130713556398259,
366,Leody Taveras,SEA| TEX,54,9,SWITCH,180,171,35,13,3,17,5,9,3,0.205,CF| RF,-3.376,-1.839,-2.692,-0.143,-0.773,-8.824,-3.559,5.265,-8.54079024659561,
367,Miles Mastrobuoni,SEA,73,8,LEFT,175,152,38,16,1,12,17,5,3,0.25,3B,-3.211,-2.041,-2.941,-0.524,-0.11,-8.826,-3.561000000000001,5.265,-8.545589791550146,
368,Warming Bernabel,COL,39,5,RIGHT,146,139,35,15,4,14,7,1,1,0.252,1B,-3.266,-1.739,-2.841,-0.905,-0.079,-8.83,-4.719,4.111,-11.324526320226097,
369,Derek Hill,CHA| MIA,49,8,RIGHT,149,134,29,18,3,11,9,6,0,0.216,CF,-3.101,-1.839,-2.99,-0.429,-0.474,-8.833,-3.5680000000000005,5.265,-8.56238819889102,
370,Luke Raley,SEA,69,5,LEFT,219,183,37,23,4,19,19,2,1,0.202,1B| RF,-2.825,-1.739,-2.593,-0.81,-0.866,-8.833,-3.5680000000000005,5.265,-8.56238819889102,
371,Jose Tena,WAS,48,8,LEFT,169,152,37,19,0,16,15,3,1,0.243,3B,-3.046,-2.141,-2.742,-0.714,-0.193,-8.837,-3.572,5.265,-8.571987288800088,
372,Denzel Clarke,ATH,46,9,RIGHT,159,148,34,18,3,8,6,6,0,0.23,CF,-3.101,-1.839,-3.139,-0.429,-0.358,-8.866,-3.601,5.265,-8.64158069064085,
373,Santiago Espinal,CIN,104,2,RIGHT,328,301,73,24,0,16,21,2,1,0.243,3B,-2.77,-2.141,-2.742,-0.81,-0.406,-8.869,-3.604,5.265,-8.648780008072654,
374,Leo Rivas,SEA,41,8,SWITCH,111,90,22,16,2,9,20,5,0,0.244,2B,-3.211,-1.94,-3.089,-0.524,-0.107,-8.871,-3.6060000000000008,5.265,-8.65357955302719,
375,Brandon Lockridge,MIL| SDN,51,8,RIGHT,148,134,31,16,0,11,8,8,1,0.231,LF| CF,-3.211,-2.141,-2.99,-0.238,-0.306,-8.887,-3.6220000000000008,5.265,-8.691975912663473,
376,Dylan Beavers,BAL,35,8,LEFT,137,110,25,16,4,14,26,2,2,0.227,LF,-3.211,-1.739,-2.841,-0.81,-0.289,-8.89,-3.625000000000001,5.265,-8.699175230095276,
377,Austin Slater,CHA| NYA,61,2,RIGHT,160,148,32,21,5,13,11,1,0,0.216,RF| LF,-2.936,-1.638,-2.891,-0.905,-0.526,-8.895,-3.63,5.265,-8.711174092481611,
378,David Fry,CLE,66,4,RIGHT,157,146,25,16,8,23,9,1,0,0.171,DH,-3.211,-1.336,-2.394,-0.905,-1.07,-8.916,-5.832750000000001,3.0832499999999996,-13.997272916782956,
379,Darell Hernaiz,ATH,50,7,RIGHT,197,173,40,17,2,16,17,3,4,0.231,SS,-3.156,-1.94,-2.742,-0.714,-0.397,-8.95,-4.730999999999999,4.219,-11.353323589953305,
380,Carter Jensen,KCA,20,8,LEFT,69,60,18,12,3,13,9,0,0,0.3,,-3.431,-1.839,-2.891,-1.0,0.208,-8.953,-8.953,0.0,-21.485162988977375,
381,Dylan Carlson,BAL,74,8,SWITCH,241,217,44,17,6,20,21,3,3,0.203,LF,-3.156,-1.537,-2.543,-0.714,-1.016,-8.967,-3.702000000000001,5.265,-8.883957710844886,
382,Weston Wilson,PHI,46,8,RIGHT,125,111,22,15,5,17,12,2,2,0.198,LF,-3.266,-1.638,-2.692,-0.81,-0.562,-8.968,-3.7030000000000003,5.265,-8.886357483322152,
383,Dalton Rushing,LAN,51,9,LEFT,155,142,29,15,4,24,10,0,0,0.204,CC,-3.266,-1.739,-2.345,-1.0,-0.648,-8.997,-2.3259999999999996,6.671,-5.5818707821245805,
384,Nate Eaton,BOS,32,1,RIGHT,90,81,24,13,1,4,6,5,2,0.296,,-3.376,-2.041,-3.338,-0.524,0.256,-9.022,-9.022,0.0,-21.650747289908846,
385,Donovan Solano,SEA| TEX,66,6,RIGHT,179,166,41,10,3,21,8,0,0,0.247,1B,-3.541,-1.839,-2.494,-1.0,-0.162,-9.036,-4.925,4.111,-11.818879450543234,
386,Zach Cole,HOU,15,8,LEFT,52,47,12,9,4,11,5,3,0,0.255,,-3.597,-1.739,-2.99,-0.714,-0.013,-9.053,-9.053,0.0,-21.725140236704146,
387,Christian Encarnacion-Strand,CIN,36,4,RIGHT,137,130,27,13,6,19,3,0,2,0.208,1B,-3.376,-1.537,-2.593,-1.0,-0.555,-9.062,-4.951,4.111,-11.881273534952193,
388,John Rave,KCA,56,8,LEFT,175,153,30,17,4,14,18,5,2,0.196,RF| LF,-3.156,-1.739,-2.841,-0.524,-0.802,-9.062,-3.7969999999999997,5.265,-9.111936096185312,
389,Marcelo Mayer,BOS,42,7,LEFT,136,127,29,20,4,10,8,0,2,0.228,3B,-2.991,-1.739,-3.04,-1.0,-0.322,-9.091,-3.8259999999999996,5.265,-9.181529498026073,
390,Nick Loftin,KCA,65,7,RIGHT,188,168,35,16,4,20,14,1,1,0.208,LF,-3.211,-1.739,-2.543,-0.905,-0.708,-9.106,-3.841,5.265,-9.21752608518509,
391,Graham Pauley,MIA,57,8,LEFT,184,161,36,18,4,11,21,2,0,0.224,3B,-3.101,-1.739,-2.99,-0.81,-0.473,-9.112,-3.8470000000000004,5.265,-9.231924720048696,
392,Zach Dezenzo,HOU,32,7,RIGHT,109,98,24,17,2,10,11,1,0,0.245,,-3.156,-1.94,-3.04,-0.905,-0.113,-9.153,-9.153,0.0,-21.96511748443091,
393,Victor Robles,SEA,31,8,RIGHT,114,106,26,11,1,9,3,6,2,0.245,RF,-3.486,-2.041,-3.089,-0.429,-0.118,-9.164,-3.899,5.265,-9.356712888866614,
394,Moises Ballesteros,CHN,20,4,LEFT,66,57,17,12,2,11,9,0,0,0.298,,-3.431,-1.94,-2.99,-1.0,0.19,-9.172,-9.172,0.0,-22.010713161498995,
395,Justin Turner,CHN,77,8,RIGHT,191,169,37,14,3,18,17,2,0,0.219,1B,-3.321,-1.839,-2.643,-0.81,-0.562,-9.175,-5.064000000000001,4.111,-12.152447824883442,
396,DJ LeMahieu,NYA,41,9,RIGHT,142,128,34,13,2,12,14,0,0,0.266,2B,-3.376,-1.94,-2.941,-1.0,0.075,-9.181,-3.9159999999999995,5.265,-9.397509020980163,
397,Adrian Del Castillo,ARI,43,5,LEFT,131,120,29,9,4,17,8,0,0,0.242,DH,-3.597,-1.739,-2.692,-1.0,-0.17,-9.198,-6.114750000000001,3.0832499999999996,-14.674008755372437,
398,Bryce Johnson,SDN,37,8,SWITCH,84,76,26,6,1,8,3,2,0,0.342,,-3.762,-2.041,-3.139,-0.81,0.532,-9.219,-9.219,0.0,-22.123502467930575,
399,Nacho Alvarez,ATL,57,8,RIGHT,208,188,44,18,2,15,12,0,0,0.234,3B,-3.101,-1.94,-2.792,-1.0,-0.387,-9.22,-3.955000000000001,5.265,-9.491100147593604,
400,Alex Jackson,BAL,31,9,RIGHT,100,91,20,17,5,8,5,0,0,0.22,CC,-3.156,-1.638,-3.139,-1.0,-0.296,-9.229,-2.557999999999999,6.671,-6.138617996850677,
401,Alex Verdugo,ATL,56,1,LEFT,213,197,47,21,0,12,14,1,0,0.239,LF,-2.936,-2.141,-2.941,-0.905,-0.331,-9.253,-3.9880000000000004,5.265,-9.570292639343437,
402,Cody Freeman,TEX,35,8,RIGHT,121,114,26,12,3,15,5,1,1,0.228,2B,-3.431,-1.839,-2.792,-0.905,-0.292,-9.259,-3.9940000000000007,5.265,-9.584691274207042,
403,Ezequiel Duran,TEX,77,9,RIGHT,219,205,46,15,0,14,8,6,2,0.224,1B| SS,-3.266,-2.141,-2.841,-0.429,-0.588,-9.266,-5.047,4.219,-12.111651692769888,
404,Alejandro Osuna,TEX,56,9,LEFT,176,151,32,12,2,15,21,5,4,0.212,LF,-3.431,-1.94,-2.792,-0.524,-0.591,-9.278,-4.013000000000001,5.265,-9.63028695127513,
405,Sal Stewart,CIN,18,6,RIGHT,58,55,14,11,5,8,3,0,0,0.255,,-3.486,-1.638,-3.139,-1.0,-0.019,-9.282,-9.282,0.0,-22.27468813399844,
406,Tyler Tolbert,KCA,39,9,RIGHT,57,50,14,9,1,6,1,5,0,0.28,CF,-3.597,-2.041,-3.238,-0.524,0.09,-9.31,-4.045000000000001,5.265,-9.707079670547694,
407,Heston Kjerstad,BAL,52,8,LEFT,167,156,30,16,4,19,6,1,0,0.192,RF| LF,-3.211,-1.739,-2.593,-0.905,-0.867,-9.315,-4.05,5.265,-9.71907853293403,
408,Richie Palacios,TBA,16,7,LEFT,48,42,14,10,1,3,5,4,0,0.333,,-3.541,-2.041,-3.387,-0.619,0.263,-9.325,-9.325,0.0,-22.377878350520945,
409,Justyn-Henry Malloy,DET,51,1,RIGHT,127,104,23,15,1,17,20,0,0,0.221,DH,-3.266,-2.041,-2.692,-1.0,-0.327,-9.326,-6.242750000000001,3.0832499999999996,-14.981179632462698,
410,Oswaldo Cabrera,NYA,33,9,SWITCH,122,107,26,17,1,11,11,0,1,0.243,3B,-3.156,-2.041,-2.99,-1.0,-0.14,-9.327,-4.062,5.265,-9.747875802661243,
411,Travis d'Arnaud,ANA,67,6,RIGHT,231,213,42,16,6,21,13,0,0,0.197,CC,-3.211,-1.537,-2.494,-1.0,-1.097,-9.339,-2.668,6.671,-6.402592969350122,
412,Oswald Peraza,ANA| NYA,94,9,RIGHT,265,244,40,20,5,20,17,8,0,0.164,3B,-2.991,-1.638,-2.543,-0.238,-1.937,-9.348,-4.083000000000001,5.265,-9.798271024683865,
413,Matt Mervis,MIA,42,4,LEFT,134,120,21,15,7,14,11,0,0,0.175,1B,-3.266,-1.437,-2.841,-1.0,-0.841,-9.385,-5.274,4.111,-12.656400045109649,
414,Nick Sogard,BOS,30,7,SWITCH,104,96,25,13,0,9,5,2,1,0.26,,-3.376,-2.141,-3.089,-0.81,0.015,-9.402,-9.402,0.0,-22.562660831270556,
415,Henry Davis,PIT,81,8,RIGHT,283,252,42,24,7,22,18,2,1,0.167,CC,-2.77,-1.437,-2.444,-0.81,-1.943,-9.404,-2.7329999999999997,6.671,-6.558578180372519,
416,Jonny DeLuca,TBA,18,9,RIGHT,59,57,19,4,0,4,2,6,0,0.333,,-3.872,-2.141,-3.338,-0.429,0.357,-9.422,-9.422,0.0,-22.61065628081591,
417,Matt Thaiss,CHA| TBA,59,7,LEFT,190,156,34,16,1,16,29,1,1,0.218,CC,-3.211,-2.041,-2.742,-0.905,-0.532,-9.43,-2.7589999999999995,6.671,-6.620972264781478,
418,Blaine Crim,COL| TEX,20,3,RIGHT,74,65,13,10,5,12,6,0,0,0.2,,-3.541,-1.638,-2.941,-1.0,-0.319,-9.44,-9.44,0.0,-22.653852185406727,
419,Griffin Conine,MIA,24,6,LEFT,86,79,20,13,2,8,7,0,1,0.253,,-3.376,-1.94,-3.139,-1.0,-0.036,-9.491,-9.491,0.0,-22.776240581747377,
420,Jake Rogers,DET,45,9,RIGHT,142,123,23,14,3,19,15,0,0,0.187,CC,-3.321,-1.839,-2.593,-1.0,-0.739,-9.492,-2.8210000000000006,6.671,-6.769758158372076,
421,Yanquiel Fernandez,COL,52,8,LEFT,147,138,31,13,4,11,8,0,0,0.225,DH,-3.376,-1.739,-2.99,-1.0,-0.393,-9.498,-6.41475,3.0832499999999996,-15.393940498552734,
422,Taylor Trammell,HOU,48,7,LEFT,135,117,23,14,3,12,17,2,2,0.197,LF| CF,-3.321,-1.839,-2.941,-0.81,-0.609,-9.519,-4.2540000000000004,5.265,-10.208632118296634,
423,Liover Peguero,PIT,30,8,RIGHT,88,80,16,8,4,8,6,4,0,0.2,,-3.652,-1.739,-3.139,-0.619,-0.393,-9.542,-9.542,0.0,-22.89862897808803,
424,Gio Urshela,ATH,56,8,RIGHT,197,181,43,10,0,20,13,0,1,0.238,3B,-3.541,-2.141,-2.543,-1.0,-0.319,-9.545,-4.28,5.265,-10.271026202705594,
425,Kyle Karros,COL,42,7,RIGHT,156,137,31,19,1,9,15,0,0,0.226,3B,-3.046,-2.041,-3.089,-1.0,-0.371,-9.547,-4.282000000000001,5.265,-10.27582574766013,
426,Jose Herrera,ARI,57,9,SWITCH,204,166,31,21,2,17,23,0,0,0.187,CC,-2.936,-1.94,-2.692,-1.0,-1.0,-9.568,-2.8969999999999994,6.671,-6.952140866644415,
427,Matthew Lugo,ANA,25,7,RIGHT,70,69,16,9,4,9,0,0,0,0.232,,-3.597,-1.739,-3.089,-1.0,-0.155,-9.579,-9.579,0.0,-22.987420559746933,
428,Braxton Fulford,COL,37,8,RIGHT,120,108,23,11,1,16,7,1,0,0.213,CC,-3.486,-2.041,-2.742,-0.905,-0.413,-9.587,-2.9159999999999995,6.671,-6.9977365437125005,
429,Carson Williams,TBA,31,8,RIGHT,106,99,17,11,5,12,6,2,1,0.172,SS,-3.486,-1.638,-2.941,-0.81,-0.721,-9.596,-5.377,4.219,-12.903576610268217,
430,Jon Berti,CHN,42,9,RIGHT,107,100,21,11,0,2,5,9,2,0.21,3B,-3.486,-2.141,-3.437,-0.143,-0.408,-9.615,-4.3500000000000005,5.265,-10.439010276114331,
431,Bryce Teodosio,ANA,49,9,RIGHT,150,138,28,12,1,7,5,7,1,0.203,CF,-3.431,-2.041,-3.189,-0.334,-0.645,-9.639,-4.374,5.265,-10.496604815568752,
432,Drew Gilbert,SFN,34,9,LEFT,109,100,19,12,3,13,7,1,1,0.19,RF,-3.431,-1.839,-2.891,-0.905,-0.575,-9.642,-4.377,5.265,-10.503804133000555,
433,Joey Wiemer,MIA,19,8,RIGHT,61,55,13,6,3,12,2,0,0,0.236,,-3.762,-1.839,-2.941,-1.0,-0.103,-9.644,-9.644,0.0,-23.14340577076933,
434,Jose Fermin,SLN,28,9,RIGHT,70,60,17,4,1,9,8,2,1,0.283,,-3.872,-2.041,-3.089,-0.81,0.124,-9.687,-9.687,0.0,-23.24659598729184,
435,Eric Haase,MIL,27,9,RIGHT,77,70,16,11,2,9,4,0,0,0.229,CC,-3.486,-1.94,-3.089,-1.0,-0.176,-9.692,-3.021,6.671,-7.249712653825606,
436,Jonatan Clase,TOR,33,9,SWITCH,112,100,21,10,2,9,10,3,1,0.21,LF,-3.541,-1.94,-3.089,-0.714,-0.408,-9.693,-4.428,5.265,-10.626192529341207,
437,Chris Taylor,ANA| LAN,43,9,RIGHT,125,113,21,14,2,12,5,2,0,0.186,,-3.321,-1.94,-2.941,-0.81,-0.69,-9.701,-9.701,0.0,-23.280192801973588,
438,Drew Millas,WAS,16,8,SWITCH,55,49,15,6,0,7,4,2,0,0.306,,-3.762,-2.141,-3.189,-0.81,0.195,-9.706,-9.706,0.0,-23.292191664359926,
439,Gustavo Campero,ANA,26,8,SWITCH,66,58,10,7,3,8,5,4,1,0.172,RF,-3.707,-1.839,-3.139,-0.619,-0.419,-9.724,-4.4590000000000005,5.265,-10.700585476136505,
440,Jhonkensy Noel,CLE,61,8,RIGHT,153,148,24,18,6,13,4,0,0,0.162,RF,-3.101,-1.537,-2.891,-1.0,-1.197,-9.726,-4.461000000000001,5.265,-10.705385021091042,
441,Brett Harris,ATH,29,9,RIGHT,84,73,20,11,0,5,7,1,0,0.274,3B,-3.486,-2.141,-3.288,-0.905,0.094,-9.726,-4.461000000000001,5.265,-10.705385021091042,
442,Jorge Mateo,BAL,28,9,RIGHT,83,79,14,5,1,3,4,11,0,0.177,,-3.817,-2.041,-3.387,0.047,-0.539,-9.737,-9.737,0.0,-23.366584611155222,
443,Anthony Santander,TOR,54,3,SWITCH,221,194,34,16,6,18,25,0,0,0.175,DH,-3.211,-1.537,-2.643,-1.0,-1.356,-9.747,-6.66375,3.0832499999999996,-15.991483845392382,
444,Edouard Julien,MIN,62,1,LEFT,208,182,40,13,3,12,22,0,3,0.22,2B| 1B,-3.376,-1.839,-2.941,-1.0,-0.593,-9.749,-4.484000000000001,5.265,-10.760579788068197,
445,Matt Vierling,DET,31,7,RIGHT,100,88,21,6,1,11,7,2,0,0.239,CF,-3.762,-2.041,-2.99,-0.81,-0.147,-9.75,-4.485,5.265,-10.762979560545464,
446,Max Schuemann,ATH,77,9,RIGHT,213,183,36,15,2,13,22,3,0,0.197,2B| 3B| SS,-3.266,-1.94,-2.891,-0.714,-0.95,-9.761,-4.4959999999999996,5.265,-10.789377057795406,
447,Tristan Gray,TBA,29,9,LEFT,86,78,18,8,3,9,6,0,0,0.231,,-3.652,-1.839,-3.089,-1.0,-0.182,-9.763,-9.763,0.0,-23.428978695564183,
448,Ryan Fitzgerald,MIN,18,9,LEFT,53,46,9,7,4,9,7,0,0,0.196,,-3.707,-1.739,-3.089,-1.0,-0.243,-9.778,-9.778,0.0,-23.4649752827232,
449,Jesse Winker,NYN,26,5,LEFT,81,70,16,8,1,10,9,1,0,0.229,DH,-3.652,-2.041,-3.04,-0.905,-0.176,-9.813,-6.729750000000001,3.0832499999999996,-16.14986882889205,
450,Jac Caglianone,KCA,62,6,LEFT,232,210,33,19,7,18,18,1,0,0.157,RF,-3.046,-1.437,-2.643,-0.905,-1.787,-9.817,-4.5520000000000005,5.265,-10.923764316522398,
451,Brice Matthews,HOU,13,8,RIGHT,47,42,7,6,4,9,2,1,0,0.167,,-3.762,-1.739,-3.089,-0.905,-0.324,-9.819,-9.819,0.0,-23.563365954291175,
452,Martin Maldonado,SDN,61,9,RIGHT,161,147,30,11,4,12,8,0,0,0.204,CC,-3.486,-1.739,-2.941,-1.0,-0.672,-9.838,-3.166999999999999,6.671,-7.600079435506682,
453,Emmanuel Rivera,BAL,39,9,RIGHT,127,120,30,5,0,13,6,1,0,0.25,3B,-3.817,-2.141,-2.891,-0.905,-0.087,-9.84,-4.575,5.265,-10.978959083499554,
454,Rafael Marchan,PHI,39,9,SWITCH,118,105,22,9,2,13,10,0,0,0.21,CC,-3.597,-1.94,-2.891,-1.0,-0.432,-9.86,-3.188999999999999,6.671,-7.652874430006571,
455,Mickey Gasper,MIN,39,8,SWITCH,110,95,15,14,2,11,10,2,0,0.158,,-3.321,-1.94,-2.99,-0.81,-0.802,-9.863,-9.863,0.0,-23.668955943290946,
456,Vidal Brujan,ATL| BAL| CHN,45,9,SWITCH,95,87,22,10,0,8,6,0,0,0.253,,-3.541,-2.141,-3.139,-1.0,-0.042,-9.864,-9.864,0.0,-23.671355715768218,
457,Kevin Newman,ANA,45,9,RIGHT,116,114,23,11,2,11,1,1,0,0.202,3B,-3.486,-1.94,-2.99,-0.905,-0.543,-9.865,-4.6000000000000005,5.265,-11.038953395431246,
458,Will Wagner,SDN| TOR,55,7,LEFT,149,129,29,15,0,7,17,1,0,0.225,3B,-3.266,-2.141,-3.189,-0.905,-0.366,-9.867,-4.602000000000001,5.265,-11.043752940385783,
459,Alan Roden,MIN| TOR,50,9,LEFT,153,136,26,16,2,9,8,1,1,0.191,LF,-3.211,-1.94,-3.089,-0.905,-0.769,-9.914,-4.649,5.265,-11.15654224681736,
460,Lane Thomas,CLE,38,5,RIGHT,142,125,20,10,4,11,14,4,1,0.16,CF,-3.541,-1.739,-2.99,-0.619,-1.034,-9.923,-4.658,5.265,-11.17814019911277,
461,Samuel Basallo,BAL,31,8,LEFT,118,109,18,10,4,15,6,0,0,0.165,CC,-3.541,-1.739,-2.792,-1.0,-0.854,-9.926,-3.255,6.671,-7.811259413506239,
462,Zack Short,HOU,20,9,RIGHT,56,50,11,8,2,7,4,0,1,0.22,SS,-3.652,-1.94,-3.189,-1.0,-0.162,-9.942,-5.723,4.219,-13.73389788740283,
463,Nick Yorke,PIT,22,7,RIGHT,72,69,16,7,1,8,3,1,0,0.232,,-3.707,-2.041,-3.139,-0.905,-0.155,-9.946,-9.946,0.0,-23.868137058904164,
464,Enmanuel Valdez,PIT,30,4,LEFT,102,91,19,7,2,12,11,0,0,0.209,1B,-3.707,-1.94,-2.941,-1.0,-0.38,-9.967,-5.856000000000001,4.111,-14.053067626879429,
465,Willie MacIver,ATH,30,8,RIGHT,111,102,19,7,3,9,7,3,0,0.186,CC,-3.707,-1.839,-3.089,-0.714,-0.619,-9.969,-3.297999999999999,6.671,-7.914449630028747,
466,Jack Suwinski,PIT,55,6,LEFT,178,150,22,15,3,10,24,6,1,0.147,CF,-3.266,-1.839,-3.04,-0.429,-1.408,-9.982,-4.717,5.265,-11.31972677527156,
467,James Outman,LAN| MIN,47,9,LEFT,148,134,18,17,6,11,12,1,0,0.134,CF,-3.156,-1.537,-2.99,-0.905,-1.397,-9.985,-4.72,5.265,-11.326926092703363,
468,Maximo Acosta,MIA,18,9,RIGHT,61,54,11,7,3,5,6,1,2,0.204,,-3.707,-1.839,-3.288,-0.905,-0.249,-9.988,-9.988,0.0,-23.968927502949406,
469,Ronny Simon,MIA| PIT,27,1,SWITCH,88,77,18,9,0,7,8,1,0,0.234,,-3.597,-2.141,-3.189,-0.905,-0.16,-9.992,-9.992,0.0,-23.97852659285848,
470,Luke Maile,KCA,21,8,RIGHT,54,45,11,6,1,6,7,1,0,0.244,,-3.762,-2.041,-3.238,-0.905,-0.053,-9.999,-9.999,0.0,-23.99532500019935,
471,Tyler Locklear,ARI,31,6,RIGHT,116,103,18,11,3,6,10,3,1,0.175,1B,-3.486,-1.839,-3.238,-0.714,-0.724,-10.003,-5.892,4.111,-14.139459436061065,
472,Andrew Knizner,SFN,30,9,RIGHT,88,77,17,12,1,5,7,0,0,0.221,CC,-3.431,-2.041,-3.288,-1.0,-0.244,-10.004,-3.3329999999999993,6.671,-7.9984416667331155,
473,Christian Vazquez,MIN,62,9,RIGHT,214,190,36,14,3,14,18,1,1,0.189,CC,-3.321,-1.839,-2.841,-0.905,-1.101,-10.008,-3.336999999999999,6.671,-8.008040756642185,
474,Brendan Rodgers,HOU,37,8,RIGHT,128,115,22,12,2,11,11,0,1,0.191,2B,-3.431,-1.94,-2.99,-1.0,-0.649,-10.011,-4.7459999999999996,5.265,-11.389320177112323,
475,Johnathan Rodriguez,CLE,28,7,RIGHT,77,71,14,6,2,10,6,1,0,0.197,RF,-3.762,-1.94,-3.04,-0.905,-0.366,-10.012,-4.747000000000001,5.265,-11.391719949589593,
476,J. C. Escarra,NYA,35,8,LEFT,98,84,17,5,2,11,11,1,0,0.202,CC,-3.817,-1.94,-2.99,-0.905,-0.396,-10.048,-3.377,6.671,-8.104031655732893,
477,Jared Young,NYN,19,6,LEFT,47,43,8,5,4,6,2,0,0,0.186,,-3.817,-1.739,-3.238,-1.0,-0.262,-10.056,-10.056,0.0,-24.132112031403604,
478,George Valera,CLE,16,2,LEFT,48,41,9,7,2,5,7,0,0,0.22,,-3.707,-1.94,-3.288,-1.0,-0.134,-10.069,-10.069,0.0,-24.16330907360809,
479,Orlando Arcia,ATL| COL,65,9,RIGHT,214,203,41,13,3,13,10,0,0,0.202,SS,-3.376,-1.839,-2.891,-1.0,-0.964,-10.071,-5.851999999999999,4.219,-14.043468536970355,
480,Chas McCormick,HOU,48,9,RIGHT,116,100,21,12,1,5,9,1,3,0.21,CF,-3.431,-2.041,-3.288,-0.905,-0.408,-10.072,-4.8069999999999995,5.265,-11.53570629822565,
481,Daniel Johnson,BAL| SFN,23,9,LEFT,57,53,10,12,1,1,4,2,0,0.189,,-3.431,-2.041,-3.487,-0.81,-0.311,-10.079,-10.079,0.0,-24.187306798380764,
482,Tyler Wade,SDN,48,8,LEFT,127,107,22,11,0,9,15,1,2,0.206,,-3.486,-2.141,-3.089,-0.905,-0.476,-10.098,-10.098,0.0,-24.232902475448853,
483,Alex Freeland,LAN,29,8,SWITCH,97,84,16,10,2,6,11,1,0,0.19,,-3.541,-1.94,-3.238,-0.905,-0.48,-10.105,-10.105,0.0,-24.249700882789725,
484,Nathan Church,SLN,19,9,LEFT,65,56,10,8,1,8,3,1,0,0.179,,-3.652,-2.041,-3.139,-0.905,-0.376,-10.112,-10.112,0.0,-24.266499290130596,
485,Jason Heyward,SDN,31,8,LEFT,95,85,15,8,2,12,6,0,1,0.176,LF,-3.652,-1.94,-2.941,-1.0,-0.585,-10.118,-4.853000000000001,5.265,-11.646095832179965,
486,Josh Rojas,CHA,66,8,LEFT,211,189,34,14,2,11,19,4,1,0.18,3B| 2B,-3.321,-1.94,-2.99,-0.619,-1.248,-10.118,-4.853000000000001,5.265,-11.646095832179965,
487,Zack Gelof,ATH,27,8,RIGHT,101,92,16,12,2,7,7,1,2,0.174,2B,-3.431,-1.94,-3.189,-0.905,-0.653,-10.118,-4.853000000000001,5.265,-11.646095832179965,
488,Joshua Palacios,CHA,46,6,LEFT,145,128,26,9,3,9,12,0,0,0.203,RF,-3.597,-1.839,-3.089,-1.0,-0.596,-10.121,-4.856000000000001,5.265,-11.653295149611768,
489,Jerar Encarnacion,SFN,19,7,RIGHT,56,55,11,5,2,7,1,1,0,0.2,,-3.817,-1.94,-3.189,-0.905,-0.27,-10.121,-10.121,0.0,-24.288097242426005,
490,Cooper Hummel,BAL| HOU,36,7,SWITCH,105,88,15,10,3,7,14,1,0,0.17,LF,-3.541,-1.839,-3.189,-0.905,-0.651,-10.125,-4.86,5.265,-11.662894239520837,
491,Korey Lee,CHA,16,7,RIGHT,40,35,9,7,1,3,4,0,0,0.257,,-3.707,-2.041,-3.387,-1.0,-0.004,-10.139,-10.139,0.0,-24.331293147016822,
492,Garrett Mitchell,MIL,24,7,LEFT,78,68,14,9,0,3,7,3,0,0.206,CF,-3.597,-2.141,-3.387,-0.714,-0.301,-10.14,-4.875000000000001,5.265,-11.698890826679854,
493,Bob Seymour,TBA,24,9,LEFT,83,78,16,9,1,5,4,1,0,0.205,1B,-3.597,-2.041,-3.288,-0.905,-0.35,-10.18,-6.069,4.111,-14.56421916453744,
494,LaMonte Wade,ANA| SFN,74,7,LEFT,242,209,35,18,2,18,27,1,0,0.167,1B,-3.101,-1.94,-2.643,-0.905,-1.597,-10.186,-6.075,4.111,-14.578617799401046,
495,Brett Wisely,ATL| SFN,21,9,LEFT,63,54,10,4,1,10,7,1,0,0.185,,-3.872,-2.041,-3.04,-0.905,-0.332,-10.19,-10.19,0.0,-24.453681543357472,
496,Tomas Nido,DET,10,8,RIGHT,37,35,12,4,0,2,0,0,0,0.343,,-3.872,-2.141,-3.437,-1.0,0.247,-10.203,-10.203,0.0,-24.48487858556195,
497,Sam Hilliard,COL,18,7,LEFT,61,51,10,7,2,3,10,1,1,0.196,,-3.707,-1.94,-3.387,-0.905,-0.267,-10.206,-10.206,0.0,-24.492077902993756,
498,Austin Hedges,CLE,58,9,RIGHT,180,155,25,13,5,10,18,1,2,0.161,CC,-3.376,-1.638,-3.04,-0.905,-1.265,-10.224,-3.553,6.671,-8.526391611732002,
499,Jacob Melton,HOU,26,9,LEFT,78,70,11,4,0,7,6,6,1,0.157,,-3.872,-2.141,-3.189,-0.429,-0.596,-10.226,-10.226,0.0,-24.540073352539114,
500,Victor Mesa,MIA,13,8,LEFT,38,32,6,6,1,6,5,0,0,0.188,,-3.762,-2.041,-3.238,-1.0,-0.191,-10.232,-10.232,0.0,-24.554471987402714,
501,Tim Elko,CHA,22,7,RIGHT,72,67,9,6,4,8,5,1,0,0.134,,-3.762,-1.739,-3.139,-0.905,-0.698,-10.243,-10.243,0.0,-24.580869484652663,
502,Nick Martini,COL,43,8,LEFT,111,102,23,9,1,4,9,0,0,0.225,,-3.597,-2.041,-3.338,-1.0,-0.283,-10.258,-10.258,0.0,-24.616866071811675,
503,Jordan Lawlar,ARI,26,9,RIGHT,74,66,12,9,0,5,6,2,0,0.182,,-3.597,-2.141,-3.288,-0.81,-0.425,-10.261,-10.261,0.0,-24.624065389243476,
504,Blake Dunn,CIN,26,9,RIGHT,75,60,9,9,1,7,8,1,1,0.15,,-3.597,-2.041,-3.189,-0.905,-0.546,-10.277,-10.277,0.0,-24.66246174887976,
505,Kevin Pillar,TEX,19,1,RIGHT,43,43,9,6,0,1,0,3,0,0.209,,-3.762,-2.141,-3.487,-0.714,-0.178,-10.282,-10.282,0.0,-24.6744606112661,
506,Triston Casas,BOS,29,4,LEFT,112,99,18,5,3,11,11,0,0,0.182,1B,-3.817,-1.839,-2.99,-1.0,-0.637,-10.284,-6.173000000000001,4.111,-14.81379550217328,
507,Everson Pereira,TBA,22,6,RIGHT,73,65,9,6,2,8,7,2,0,0.138,CF,-3.762,-1.94,-3.139,-0.81,-0.655,-10.305,-5.04,5.265,-12.094853285429016,
508,Dominic Fletcher,CHA,11,9,LEFT,34,32,7,5,1,2,2,1,0,0.219,,-3.817,-2.041,-3.437,-0.905,-0.107,-10.306,-10.306,0.0,-24.73205515072052,
509,Mark Canha,KCA,46,6,RIGHT,125,113,24,9,1,6,7,0,1,0.212,LF,-3.597,-2.041,-3.238,-1.0,-0.438,-10.314,-5.049,5.265,-12.116451237724426,
510,Sam Huff,SFN,20,8,RIGHT,58,53,11,5,2,4,4,0,0,0.208,CC,-3.817,-1.94,-3.338,-1.0,-0.227,-10.322,-3.650999999999999,6.671,-8.76156931450423,
511,Anthony Seigler,MIL,33,8,LEFT,73,62,12,6,0,5,8,2,0,0.194,3B,-3.762,-2.141,-3.288,-0.81,-0.338,-10.339,-5.074000000000001,5.265,-12.176445549656117,
512,Sean Bouchard,COL,31,6,RIGHT,73,66,11,7,1,7,7,1,1,0.167,,-3.707,-2.041,-3.189,-0.905,-0.509,-10.35,-10.35,0.0,-24.837645139720298,
513,Travis Jankowski,CHA| NYN| TBA,18,7,LEFT,50,45,11,5,0,2,3,1,0,0.244,,-3.817,-2.141,-3.437,-0.905,-0.053,-10.353,-10.353,0.0,-24.844844457152103,
514,Connor Wong,BOS,55,9,RIGHT,188,168,32,15,0,7,16,2,1,0.19,CC,-3.266,-2.141,-3.189,-0.81,-0.96,-10.366,-3.6949999999999994,6.671,-8.867159303504009,
515,Daz Cameron,MIL,17,5,RIGHT,42,41,8,5,1,3,1,1,0,0.195,,-3.817,-2.041,-3.387,-0.905,-0.218,-10.368,-10.368,0.0,-24.88084104431112,
516,Jorge Alfaro,WAS,11,6,RIGHT,39,39,10,3,0,3,0,1,0,0.256,,-3.927,-2.141,-3.387,-0.905,-0.007,-10.368,-10.368,0.0,-24.88084104431112,
517,Owen Caissie,CHN,12,6,LEFT,27,26,5,4,1,4,1,0,0,0.192,,-3.872,-2.041,-3.338,-1.0,-0.145,-10.395,-10.395,0.0,-24.945634901197344,
518,Luis Vazquez,BAL,20,9,RIGHT,53,50,8,6,1,3,3,2,0,0.16,,-3.762,-2.041,-3.387,-0.81,-0.413,-10.413,-10.413,0.0,-24.988830805788165,
519,Jhonny Pereda,ATH| MIN,26,9,RIGHT,78,69,17,4,0,4,8,0,0,0.246,CC,-3.872,-2.141,-3.338,-1.0,-0.071,-10.422,-3.7510000000000003,6.671,-9.001546562231,
520,Denzer Guzman,ANA,13,8,RIGHT,43,42,8,4,2,3,1,0,0,0.19,,-3.872,-1.94,-3.387,-1.0,-0.24,-10.439,-10.439,0.0,-25.051224890197123,
521,Stuart Fairchild,ATL,22,8,RIGHT,55,51,11,4,0,2,4,2,1,0.216,,-3.872,-2.141,-3.437,-0.81,-0.184,-10.443,-10.443,0.0,-25.060823980106193,
522,Ryan Bliss,SEA,11,8,RIGHT,39,35,7,1,1,3,4,2,2,0.2,,-4.037,-2.041,-3.387,-0.81,-0.172,-10.447,-10.447,0.0,-25.070423070015263,
523,Dustin Harris,TEX,17,6,LEFT,43,40,8,4,1,2,3,1,1,0.2,,-3.872,-2.041,-3.437,-0.905,-0.197,-10.451,-10.451,0.0,-25.080022159924336,
524,Tim Anderson,ANA,28,9,RIGHT,90,83,17,8,0,3,3,1,1,0.205,,-3.652,-2.141,-3.387,-0.905,-0.374,-10.459,-10.459,0.0,-25.099220339742473,
525,Matt Gorski,PIT,14,6,RIGHT,42,41,8,2,2,4,1,0,1,0.195,,-3.982,-1.94,-3.338,-1.0,-0.218,-10.478,-10.478,0.0,-25.14481601681056,
526,Oliver Dunn,MIL,13,8,LEFT,41,36,6,3,0,6,2,1,0,0.167,,-3.927,-2.141,-3.238,-0.905,-0.278,-10.489,-10.489,0.0,-25.171213514060508,
527,Nick Maton,CHA,23,1,LEFT,63,54,9,5,2,4,9,0,1,0.167,,-3.817,-1.94,-3.338,-1.0,-0.416,-10.511,-10.511,0.0,-25.22400850856039,
528,Will Wilson,CLE,33,7,RIGHT,91,78,15,7,0,2,7,2,0,0.192,,-3.707,-2.141,-3.437,-0.81,-0.434,-10.528,-10.528,0.0,-25.264804640673944,
529,Jarred Kelenic,ATL,23,8,LEFT,65,60,10,7,2,2,5,0,1,0.167,RF,-3.707,-1.94,-3.437,-1.0,-0.463,-10.546,-5.281,5.265,-12.67319845245052,
530,Jorbit Vivas,NYA,27,9,LEFT,66,56,9,6,1,5,5,0,0,0.161,,-3.762,-2.041,-3.288,-1.0,-0.46,-10.55,-10.55,0.0,-25.317599635173835,
531,Seth Brown,ATH,34,8,LEFT,76,65,12,5,1,3,9,1,0,0.185,,-3.817,-2.041,-3.387,-0.905,-0.403,-10.553,-10.553,0.0,-25.324798952605637,
532,Sebastian Rivero,ANA,11,8,RIGHT,34,33,6,4,0,2,1,1,0,0.182,,-3.872,-2.141,-3.437,-0.905,-0.212,-10.568,-10.568,0.0,-25.36079553976465,
533,Luken Baker,SLN,18,2,RIGHT,41,34,8,3,0,2,7,0,0,0.235,,-3.927,-2.141,-3.437,-1.0,-0.066,-10.572,-10.572,0.0,-25.37039462967372,
534,Adael Amador,COL,38,9,SWITCH,128,113,20,5,1,10,11,1,1,0.177,2B,-3.817,-2.041,-3.04,-0.905,-0.773,-10.576,-5.311000000000001,5.265,-12.745191626768554,
535,Jorge Barrosa,ARI,28,9,SWITCH,77,71,10,8,1,7,2,0,0,0.141,,-3.652,-2.041,-3.189,-1.0,-0.701,-10.582,-10.582,0.0,-25.3943923544464,
536,Jose Miranda,MIN,12,8,RIGHT,36,36,6,2,1,5,0,0,0,0.167,,-3.982,-2.041,-3.288,-1.0,-0.278,-10.588,-10.588,0.0,-25.408790989310003,
537,Hayden Senger,NYN,28,9,RIGHT,78,72,13,8,0,4,3,0,0,0.181,CC,-3.652,-2.141,-3.338,-1.0,-0.471,-10.602,-3.931,6.671,-9.433505608139178,
538,Rece Hinds,CIN,14,9,RIGHT,44,43,5,6,2,3,1,0,0,0.116,,-3.762,-1.94,-3.387,-1.0,-0.513,-10.602,-10.602,0.0,-25.442387803991753,
539,Austin Barnes,LAN,13,9,RIGHT,44,42,9,4,0,2,1,0,0,0.214,,-3.872,-2.141,-3.437,-1.0,-0.156,-10.606,-10.606,0.0,-25.45198689390082,
540,Andres Chaparro,WAS,27,3,RIGHT,73,66,12,4,1,5,5,0,0,0.182,1B,-3.872,-2.041,-3.288,-1.0,-0.425,-10.626,-6.515,4.111,-15.634517689398816,
541,Logan Davidson,ANA| ATH,16,8,SWITCH,47,42,7,3,1,4,3,0,0,0.167,,-3.927,-2.041,-3.338,-1.0,-0.324,-10.629,-10.629,0.0,-25.507181660877976,
542,Cavan Biggio,KCA,29,7,LEFT,83,69,12,6,1,4,11,0,0,0.174,,-3.762,-2.041,-3.338,-1.0,-0.49,-10.63,-10.63,0.0,-25.509581433355248,
543,Pablo Reyes,NYA,20,2,RIGHT,34,31,6,2,0,2,2,1,0,0.194,,-3.982,-2.141,-3.437,-0.905,-0.169,-10.634,-10.634,0.0,-25.519180523264318,
544,Oscar Gonzalez,SDN,20,5,RIGHT,61,59,13,2,0,4,2,0,1,0.22,,-3.982,-2.141,-3.338,-1.0,-0.189,-10.65,-10.65,0.0,-25.557576882900598,
545,Ben Rortvedt,LAN| TBA,41,9,LEFT,128,112,17,9,1,10,11,0,0,0.152,CC,-3.597,-2.041,-3.04,-1.0,-1.003,-10.68,-4.0089999999999995,6.671,-9.620687861366054,
546,Trenton Brooks,SDN,24,9,LEFT,43,41,6,5,1,2,2,0,0,0.146,,-3.817,-2.041,-3.437,-1.0,-0.386,-10.681,-10.681,0.0,-25.631969829695894,
547,Jacob Amaya,CHA,31,9,RIGHT,73,66,7,6,0,8,3,2,0,0.106,SS,-3.762,-2.141,-3.139,-0.81,-0.844,-10.696,-6.476999999999999,4.219,-15.543326335262645,
548,Connor Joe,CIN| SDN,37,9,RIGHT,80,70,13,2,0,4,7,2,2,0.186,,-3.982,-2.141,-3.338,-0.81,-0.428,-10.699,-10.699,0.0,-25.675165734286715,
549,Jose Barrero,SLN,12,9,RIGHT,31,29,4,2,1,3,1,0,0,0.138,,-3.982,-2.041,-3.387,-1.0,-0.293,-10.704,-10.704,0.0,-25.687164596673053,
550,Garrett Hampson,ARI| CIN| SLN,40,9,RIGHT,91,77,11,10,0,1,11,2,1,0.143,,-3.541,-2.141,-3.487,-0.81,-0.747,-10.726,-10.726,0.0,-25.739959591172944,
551,Luke Williams,ATL,18,9,RIGHT,34,31,4,2,0,5,1,0,0,0.129,,-3.982,-2.141,-3.288,-1.0,-0.337,-10.748,-10.748,0.0,-25.792754585672828,
552,Shay Whitcomb,HOU,15,9,RIGHT,32,32,4,4,1,1,0,0,0,0.125,,-3.872,-2.041,-3.487,-1.0,-0.359,-10.758,-10.758,0.0,-25.816752310445505,
553,Scott Kingery,ANA,13,9,RIGHT,29,27,4,3,0,0,2,1,1,0.148,,-3.927,-2.141,-3.536,-0.905,-0.25,-10.76,-10.76,0.0,-25.821551855400042,
554,Endy Rodriguez,PIT,16,7,SWITCH,57,52,9,5,0,2,5,0,1,0.173,,-3.817,-2.141,-3.437,-1.0,-0.373,-10.768,-10.768,0.0,-25.840750035218186,
555,Jace Jung,DET,20,6,LEFT,55,47,5,8,0,3,7,0,0,0.106,,-3.652,-2.141,-3.387,-1.0,-0.6,-10.78,-10.78,0.0,-25.869547304945392,
556,Ryan Kreidler,DET,15,9,RIGHT,44,38,4,5,0,0,4,2,0,0.105,,-3.817,-2.141,-3.536,-0.81,-0.489,-10.793,-10.793,0.0,-25.90074434714987,
557,Vinny Capra,CHA| MIL,41,9,RIGHT,105,96,12,8,1,6,3,2,0,0.125,3B,-3.652,-2.041,-3.238,-0.81,-1.076,-10.816,-5.551000000000001,5.265,-13.321137021312794,
558,Hunter Feduccia,LAN| TBA,36,7,LEFT,105,88,13,5,0,8,15,1,0,0.148,CC,-3.817,-2.141,-3.139,-0.905,-0.818,-10.82,-4.149,6.671,-9.95665600818353,
559,Zac Veen,COL,10,7,LEFT,37,34,4,1,1,2,2,1,1,0.118,,-4.037,-2.041,-3.437,-0.905,-0.402,-10.822,-10.822,0.0,-25.970337748990634,
560,Alan Trejo,COL,13,9,RIGHT,43,40,7,3,0,1,1,0,0,0.175,,-3.927,-2.141,-3.487,-1.0,-0.28,-10.835,-10.835,0.0,-26.00153479119512,
561,Austin Nola,COL,14,8,RIGHT,41,38,7,2,0,1,2,0,0,0.184,,-3.982,-2.141,-3.487,-1.0,-0.237,-10.847,-10.847,0.0,-26.030332060922326,
562,Bryce Eldridge,SFN,10,5,LEFT,37,28,3,1,0,4,7,0,0,0.107,,-4.037,-2.141,-3.338,-1.0,-0.356,-10.872,-10.872,0.0,-26.09032637285402,
563,Jose Siri,NYN,12,9,RIGHT,36,32,2,5,0,1,4,1,0,0.062,,-3.817,-2.141,-3.487,-0.905,-0.526,-10.876,-10.876,0.0,-26.09992546276309,
564,Bryan De La Cruz,ATL,16,7,RIGHT,50,47,9,1,0,0,3,1,0,0.191,,-4.037,-2.141,-3.536,-0.905,-0.265,-10.884,-10.884,0.0,-26.119123642581233,
565,Jeimer Candelario,CIN,22,5,SWITCH,91,80,9,3,2,10,9,0,1,0.113,,-3.927,-1.94,-3.04,-1.0,-0.98,-10.887,-10.887,0.0,-26.126322960013034,
566,Aaron Schunk,COL,11,9,RIGHT,33,32,6,1,0,0,0,0,0,0.188,,-4.037,-2.141,-3.536,-1.0,-0.191,-10.906,-10.906,0.0,-26.17191863708112,
567,Ryan Noda,BAL| CHA,21,7,LEFT,59,47,5,3,1,2,11,1,0,0.106,,-3.927,-2.041,-3.437,-0.905,-0.6,-10.909,-10.909,0.0,-26.179117954512925,
568,DaShawn Keirsey,MIN,38,8,LEFT,88,84,9,4,2,6,2,2,1,0.107,,-3.872,-1.94,-3.238,-0.81,-1.067,-10.927,-10.927,0.0,-26.22231385910374,
569,Jimmy Crooks,SLN,13,6,LEFT,46,45,6,3,1,1,0,0,0,0.133,,-3.927,-2.041,-3.487,-1.0,-0.473,-10.927,-10.927,0.0,-26.22231385910374,
570,Carson McCusker,MIN,16,6,RIGHT,30,29,5,0,0,1,1,0,1,0.172,,-4.092,-2.141,-3.487,-1.0,-0.21,-10.93,-10.93,0.0,-26.229513176535544,
571,Hunter Renfroe,KCA,32,6,RIGHT,108,99,18,5,0,4,8,0,0,0.182,RF,-3.817,-2.141,-3.338,-1.0,-0.637,-10.933,-5.668,5.265,-13.601910401153107,
572,Kris Bryant,COL,11,5,RIGHT,41,39,6,2,0,1,2,0,0,0.154,,-3.982,-2.141,-3.487,-1.0,-0.343,-10.953,-10.953,0.0,-26.2847079435127,
573,Yuli Gurriel,SDN,16,6,RIGHT,40,36,4,2,0,3,4,0,0,0.111,,-3.982,-2.141,-3.387,-1.0,-0.445,-10.956,-10.956,0.0,-26.2919072609445,
574,Jonah Bride,MIA| MIN,42,5,RIGHT,125,112,19,7,0,5,11,0,0,0.17,3B,-3.707,-2.141,-3.288,-1.0,-0.836,-10.972,-5.707,5.265,-13.695501527766545,
575,Leo Jimenez,TOR,13,9,RIGHT,32,29,2,1,1,1,2,0,0,0.069,,-4.037,-2.041,-3.487,-1.0,-0.461,-11.026,-11.026,0.0,-26.459891334353237,
576,Cam Devanney,PIT,13,9,RIGHT,38,36,5,1,0,1,2,0,1,0.139,,-4.037,-2.141,-3.487,-1.0,-0.361,-11.027,-11.027,0.0,-26.462291106830506,
577,Will Robertson,CHA| TOR,25,8,LEFT,75,70,9,1,0,9,2,0,0,0.129,,-4.037,-2.141,-3.089,-1.0,-0.763,-11.031,-11.031,0.0,-26.47189019673958,
578,Buddy Kennedy,LAN| PHI| TOR,12,9,RIGHT,32,29,2,1,0,1,2,0,0,0.069,,-4.037,-2.141,-3.487,-1.0,-0.461,-11.126,-11.126,0.0,-26.699868582080004,
579,Maverick Handley,BAL,16,9,RIGHT,47,41,3,2,0,3,2,0,0,0.073,,-3.982,-2.141,-3.387,-1.0,-0.638,-11.148,-11.148,0.0,-26.752663576579895,
580,MJ Melendez,KCA,19,7,LEFT,65,60,5,4,1,1,3,0,0,0.083,,-3.872,-2.041,-3.487,-1.0,-0.882,-11.281,-11.281,0.0,-27.071833316056495,
581,Jacob Stallings,BAL| COL,41,9,RIGHT,129,119,16,5,0,9,6,0,0,0.134,CC,-3.817,-2.141,-3.089,-1.0,-1.239,-11.287,-4.6160000000000005,6.671,-11.077349755067528,
