,Name,Team,GP,BO,L/R,PA,AB,H,R,HR,RBI,BB,SB,CS,AVG,POS,R-Z,HR-Z,RBI-Z,SB-Z,AVG-Z,SUM-Z,SUM-Z-A,Adj-Val,ACV,
1,Vladimir Guerrero,TOR,161,3,RIGHT,698,604,188,123,48,111,86,4,1,0.311,1B| DH,2.605,2.542,1.897,-0.525,2.227,8.746,12.56,3.814,31.62010242976924,
2,Bo Bichette,TOR,159,2,RIGHT,690,640,191,121,29,102,40,25,1,0.298,SS,2.495,0.695,1.463,1.967,1.733,8.353,13.042,4.689,32.83354903575242,
3,Trea Turner,PHI| WAS| LAN,148,1,RIGHT,646,595,195,107,28,77,41,32,5,0.328,SS| 2B,1.722,0.598,0.259,2.798,2.942,8.319,13.008000000000001,4.689,32.74795321707311,
4,Jose Ramirez,CLE,152,3,SWITCH,636,552,147,111,36,103,72,27,4,0.266,3B,1.943,1.376,1.511,2.204,0.14,7.174,11.964,4.79,30.119658078802484,
5,Fernando Tatis,SDN,130,2,RIGHT,546,478,135,99,42,97,62,25,4,0.282,SS| RF,1.28,1.959,1.222,1.967,0.71,7.138,11.928,4.79,30.029027211965566,
6,Shohei Ohtani,LAN| ANA,155,2,LEFT,639,537,138,103,46,100,96,26,10,0.257,DH,1.501,2.348,1.367,2.086,-0.246,7.055,9.9155,2.8605,24.962510003373954,
7,Marcus Semien,TEX| OAK| TOR,162,1,RIGHT,724,652,173,115,45,102,66,15,1,0.265,2B| SS,2.164,2.25,1.463,0.78,0.117,6.775,11.464,4.689,28.860896039400842,
8,Teoscar Hernandez,LAN| TOR| SEA,142,4,RIGHT,595,550,163,92,32,116,36,12,4,0.296,RF| LF,0.894,0.987,2.137,0.424,1.402,5.844,10.634,4.79,26.771351053994117,
9,Juan Soto,NYN| WAS| SDN| NYA,151,3,LEFT,654,502,157,111,29,95,145,9,7,0.313,RF,1.943,0.695,1.126,0.068,1.908,5.74,10.530000000000001,4.79,26.509528549798578,
10,Bryce Harper,PHI,141,3,LEFT,599,488,151,101,35,84,100,13,3,0.309,RF,1.391,1.278,0.596,0.543,1.731,5.539,10.329,4.79,26.003506209959117,
11,Freddie Freeman,LAN| ATL,159,2,LEFT,695,600,180,120,31,83,85,8,3,0.3,1B,2.44,0.889,0.548,-0.051,1.696,5.523,9.337,3.814,23.506122323786254,
12,Paul Goldschmidt,NYA| SLN,158,2,RIGHT,679,603,177,102,31,99,67,12,0,0.294,1B,1.446,0.889,1.319,0.424,1.407,5.485,9.299,3.814,23.41045640879173,
13,Rafael Devers,BOS| SFN,156,5,LEFT,664,591,165,101,38,113,62,5,5,0.279,3B,1.391,1.57,1.993,-0.407,0.732,5.278,10.068,4.79,25.346432425391455,
14,Starling Marte,NYN| ARI| MIA| OAK,119,2,RIGHT,526,467,145,89,12,55,43,47,5,0.31,CF,0.728,-0.958,-0.8,4.578,1.694,5.243,10.033000000000001,4.79,25.258319082633346,
15,Salvador Perez,KCA,161,3,RIGHT,665,620,169,88,48,121,28,1,0,0.273,CC| DH,0.673,2.542,2.378,-0.881,0.455,5.166,13.475,8.309,33.923636961874244,
16,Ozzie Albies,ATL,156,3,SWITCH,686,629,163,103,30,106,47,20,4,0.259,2B,1.501,0.792,1.656,1.374,-0.184,5.138,9.213999999999999,4.076,23.196466862093448,
17,Cedric Mullins,BAL| NYN,157,1,LEFT,675,602,175,91,30,59,59,30,8,0.291,CF,0.838,0.792,-0.607,2.56,1.274,4.858,9.648,4.79,24.289072312294078,
18,Nick Castellanos,PHI| CIN,138,3,RIGHT,585,531,164,95,34,100,41,3,1,0.309,RF,1.059,1.181,1.367,-0.644,1.86,4.823,9.613,4.79,24.20095896953596,
19,Matt Olson,ATL| OAK,156,3,LEFT,673,565,153,101,39,111,88,4,1,0.271,1B,1.391,1.667,1.897,-0.525,0.337,4.766,8.58,3.814,21.600356596132173,
20,Whit Merrifield,KCA| TOR| ATL| PHI,162,1,RIGHT,720,664,184,97,10,74,40,40,4,0.277,2B,1.17,-1.152,0.115,3.747,0.716,4.596,8.672,4.076,21.831968811382076,
21,Austin Riley,ATL,160,4,RIGHT,662,590,179,91,33,107,52,0,1,0.303,3B,0.838,1.084,1.704,-1.0,1.821,4.447,9.237,4.79,23.25436991590593,
22,Aaron Judge,NYA,148,3,RIGHT,633,550,158,89,39,98,75,6,1,0.287,RF| DH| CF,0.728,1.667,1.271,-0.288,1.02,4.398,9.187999999999999,4.79,23.131011236044564,
23,Manny Machado,SDN,153,3,RIGHT,640,564,157,92,28,106,63,12,3,0.278,3B,0.894,0.598,1.656,0.424,0.663,4.234,9.024000000000001,4.79,22.718137287120832,
24,Jorge Polanco,SEA| MIN,151,3,SWITCH,644,588,158,97,33,98,45,11,6,0.269,2B| SS,1.17,1.084,1.271,0.305,0.257,4.087,8.776,4.689,22.093791315577615,
25,Kyle Tucker,CHN| HOU,137,6,LEFT,567,506,149,83,30,92,53,14,2,0.294,RF,0.397,0.792,0.982,0.661,1.217,4.049,8.839,4.79,22.25239533254222,
26,Jose Altuve,HOU,146,1,RIGHT,678,601,167,117,31,83,66,5,3,0.278,2B,2.274,0.889,0.548,-0.407,0.683,3.989,8.065,4.076,20.303831695548478,
27,Tyler O'Neill,BAL| SLN| BOS,137,4,RIGHT,537,482,138,89,34,80,38,15,4,0.286,LF,0.728,1.181,0.404,0.78,0.859,3.952,8.742,4.79,22.008195496898306,
28,Mitch Haniger,SEA| SFN,157,2,RIGHT,691,620,157,110,39,100,54,1,0,0.253,RF| DH,1.888,1.667,1.367,-0.881,-0.462,3.579,8.369,4.79,21.069159015504678,
29,Brandon Lowe,TBA,149,1,LEFT,615,535,132,97,39,99,68,7,1,0.247,2B,1.17,1.667,1.319,-0.169,-0.664,3.323,7.398999999999999,4.076,18.627160659065492,
30,Bryan Reynolds,PIT,159,3,SWITCH,646,559,169,93,24,90,75,5,2,0.302,CF,0.949,0.209,0.885,-0.407,1.68,3.316,8.106,4.79,20.407050182779415,
31,Yordan Alvarez,HOU,144,4,LEFT,598,537,149,92,33,104,50,1,0,0.277,DH| LF,0.894,1.084,1.56,-0.881,0.594,3.25,8.04,4.79,20.240893593578395,
32,Javier Baez,DET| CHN| NYN,138,3,RIGHT,547,502,133,80,31,87,28,18,5,0.265,SS| 2B,0.231,0.889,0.741,1.136,0.075,3.073,7.7620000000000005,4.689,19.541021899671087,
33,Tim Anderson,ANA| CHA| MIA,123,1,RIGHT,551,527,163,94,17,61,22,18,7,0.309,SS,1.004,-0.472,-0.511,1.136,1.864,3.022,7.711,4.689,19.41262817165212,
34,Brandon Crawford,SFN| SLN,136,5,LEFT,549,483,144,79,24,90,56,11,3,0.298,SS,0.176,0.209,0.885,0.305,1.297,2.872,7.561,4.689,19.034999559831626,
35,J. D. Martinez,BOS| LAN| NYN,148,3,RIGHT,634,570,163,92,28,99,55,0,0,0.286,DH| LF,0.894,0.598,1.319,-1.0,1.001,2.811,7.601,4.79,19.135700522983758,
36,Carlos Correa,HOU| MIN,148,5,RIGHT,640,555,155,104,26,92,75,0,0,0.279,SS,1.556,0.403,0.982,-1.0,0.691,2.632,7.321,4.689,18.430793780918837,
37,Jose Abreu,CHA| HOU,152,3,RIGHT,659,566,148,86,30,117,61,1,0,0.261,1B,0.562,0.792,2.186,-0.881,-0.065,2.594,6.4079999999999995,3.814,16.132294296971438,
38,Randy Arozarena,SEA| TBA,141,1,RIGHT,604,529,145,94,20,69,56,20,10,0.274,LF| RF,1.004,-0.18,-0.126,1.374,0.449,2.521,7.311,4.79,18.405618540130803,
39,Max Muncy,LAN,143,2,LEFT,592,497,124,95,36,94,83,2,1,0.249,1B| 2B,1.059,1.376,1.078,-0.763,-0.512,2.239,6.3149999999999995,4.076,15.898164557642733,
40,Pete Alonso,NYN,152,4,RIGHT,637,561,147,81,37,94,60,3,0,0.262,1B,0.286,1.473,1.078,-0.644,-0.041,2.153,5.9670000000000005,3.814,15.022066178219193,
41,Xander Bogaerts,SDN| BOS,144,4,RIGHT,603,529,156,90,23,79,62,5,1,0.295,SS,0.783,0.112,0.356,-0.407,1.289,2.133,6.822,4.689,17.174549265596,
42,Nolan Arenado,SLN| COL,157,4,RIGHT,653,593,151,81,34,105,50,2,0,0.255,3B,0.286,1.181,1.608,-0.763,-0.378,1.935,6.725,4.79,16.93034942995208,
43,Trevor Story,BOS| COL,142,3,RIGHT,595,526,132,88,24,75,53,20,6,0.251,SS,0.673,0.209,0.163,1.374,-0.483,1.935,6.6240000000000006,4.689,16.67607949799295,
44,Adolis Garcia,TEX,149,3,RIGHT,622,581,141,77,31,90,32,16,5,0.243,RF| CF,0.065,0.889,0.885,0.899,-0.9,1.839,6.629,4.79,16.688667118386963,
45,Justin Turner,CHN| LAN| BOS| SEA| TOR,151,3,RIGHT,612,533,148,87,27,87,61,3,0,0.278,3B,0.618,0.501,0.741,-0.644,0.598,1.813,6.603,4.79,16.62321149233808,
46,Hunter Renfroe,KCA| TBA| BOS| MIL| ANA| CIN,142,6,RIGHT,572,521,135,89,31,96,44,1,2,0.259,RF,0.728,0.889,1.174,-0.881,-0.154,1.757,6.547,4.79,16.482230143925094,
47,Joey Votto,CIN,129,4,LEFT,533,448,119,73,36,99,77,1,0,0.266,1B,-0.155,1.376,1.319,-0.881,0.091,1.748,5.562,3.814,14.002468926303862,
48,Jonathan India,KCA| CIN,150,1,RIGHT,631,532,143,98,21,69,71,12,3,0.269,2B,1.225,-0.083,-0.126,0.424,0.236,1.677,5.753,4.076,14.48331602535529,
49,Yuli Gurriel,SDN| HOU| MIA| KCA,141,5,RIGHT,605,530,169,83,15,81,59,1,1,0.319,1B,0.397,-0.666,0.452,-0.881,2.262,1.563,5.377,3.814,13.536726971725255,
50,Tommy Edman,LAN| SLN,159,1,SWITCH,691,641,168,91,11,56,38,30,5,0.262,2B| RF,0.838,-1.055,-0.752,2.56,-0.043,1.549,6.339,4.79,15.958585135534014,
51,Jared Walsh,ANA| TEX,141,4,LEFT,585,530,147,70,29,98,48,2,1,0.277,1B,-0.321,0.695,1.271,-0.763,0.582,1.464,5.2780000000000005,3.814,13.28749208792373,
52,Adam Duvall,ATL| MIA| BOS,145,4,RIGHT,555,513,117,67,38,113,35,5,0,0.228,RF| LF| CF,-0.487,1.57,1.993,-0.407,-1.367,1.302,6.0920000000000005,4.79,15.336756688069604,
53,Nelson Cruz,MIN| TBA| WAS| SDN,140,3,RIGHT,584,513,136,79,32,86,51,3,0,0.265,DH,0.176,0.987,0.693,-0.644,0.083,1.295,4.1555,2.8605,10.461571309467043,
54,Giancarlo Stanton,NYA,139,4,RIGHT,579,510,139,64,35,97,63,0,0,0.273,DH,-0.652,1.278,1.222,-1.0,0.373,1.221,4.0815,2.8605,10.2752745276356,
55,Kris Bryant,COL| CHN| SFN,144,2,RIGHT,586,513,136,86,25,73,62,10,2,0.265,3B| RF| LF,0.562,0.306,0.067,0.187,0.083,1.205,5.995,4.79,15.092556852425684,
56,Ryan Mountcastle,BAL,144,4,RIGHT,586,534,136,77,33,89,41,4,3,0.255,DH| LF| 1B,0.065,1.084,0.837,-0.525,-0.338,1.123,5.913,4.79,14.886119877963814,
57,Jonathan Schoop,DET,156,2,RIGHT,674,623,173,85,22,84,37,2,0,0.278,2B| 1B,0.507,0.014,0.596,-0.763,0.7,1.055,5.130999999999999,4.076,12.917416048339645,
58,C. J. Cron,DET| COL| ANA,142,5,RIGHT,547,470,132,70,28,92,60,1,0,0.281,1B,-0.321,0.598,0.982,-0.881,0.641,1.019,4.833,3.814,12.167193872856268,
59,Chris Taylor,ANA| LAN,146,6,RIGHT,582,507,129,92,20,73,63,13,1,0.254,CF| SS| 2B| LF,0.894,-0.18,0.067,0.543,-0.331,0.993,5.783,4.79,14.558841747719388,
60,Robbie Grossman,OAK| DET| ATL| TEX| CHA| KCA,155,1,SWITCH,671,557,133,88,23,67,98,20,5,0.239,LF| RF,0.673,0.112,-0.222,1.374,-1.029,0.907,5.697,4.79,14.342334676942306,
61,Avisail Garcia,MIL| MIA,134,4,RIGHT,515,461,121,68,29,86,38,8,4,0.262,RF,-0.432,0.695,0.693,-0.051,-0.018,0.888,5.678,4.79,14.294501719445043,
62,Dansby Swanson,CHN| ATL,160,5,RIGHT,653,588,146,78,27,88,52,9,3,0.248,SS,0.121,0.501,0.789,0.068,-0.659,0.819,5.508,4.689,13.866522626048484,
63,Jesse Winker,NYN| CIN| SEA| MIL| WAS,110,2,LEFT,485,423,129,77,24,71,53,1,0,0.305,LF,0.065,0.209,-0.03,-0.881,1.356,0.72,5.51,4.79,13.871557674206091,
64,Austin Meadows,TBA| DET,142,4,LEFT,591,518,121,79,27,106,59,4,3,0.234,DH| LF,0.176,0.501,1.656,-0.525,-1.162,0.645,5.4350000000000005,4.79,13.682743368295846,
65,Mookie Betts,LAN,121,1,RIGHT,550,466,123,93,23,58,68,10,5,0.264,RF| CF,0.949,0.112,-0.656,0.187,0.035,0.626,5.416,4.79,13.634910410798584,
66,Myles Straw,TOR| HOU| CLE,153,8,RIGHT,638,564,153,85,4,48,67,30,6,0.271,CF,0.507,-1.735,-1.137,2.56,0.357,0.552,5.3420000000000005,4.79,13.448613628967141,
67,Ronald Acuna,ATL,82,1,RIGHT,360,297,84,72,24,52,49,17,6,0.283,RF,-0.211,0.209,-0.944,1.018,0.45,0.521,5.311,4.79,13.370570382524237,
68,Jake Cronenworth,SDN,152,3,LEFT,643,567,151,94,21,71,55,4,3,0.266,2B| 1B| SS,1.004,-0.083,-0.03,-0.525,0.144,0.511,5.2,4.689,13.091125209777074,
69,Ty France,MIN| TOR| SDN| SEA| CIN,152,4,RIGHT,650,571,166,85,18,73,46,0,0,0.291,DH| 2B| 1B,0.507,-0.374,0.067,-1.0,1.209,0.409,4.484999999999999,4.076,11.291095493432724,
70,Ryan McMahon,COL| NYA,150,5,LEFT,596,528,134,79,23,86,59,6,2,0.254,2B| 3B,0.176,0.112,0.693,-0.288,-0.371,0.322,5.112,4.79,12.869583090842385,
71,Eduardo Escobar,ARI| MIL| NYN| ANA,146,3,SWITCH,599,549,139,77,28,90,48,1,0,0.253,2B| 3B,0.065,0.598,0.885,-0.881,-0.41,0.257,5.047,4.79,12.70594402572017,
72,Alex Verdugo,ATL| BOS| NYA,144,2,LEFT,604,544,157,88,13,63,51,6,2,0.289,LF| CF| RF,0.673,-0.86,-0.415,-0.288,1.064,0.174,4.964,4.79,12.4969895271795,
73,Josh Bell,WAS| PIT| SDN| CLE| MIA| ARI,144,4,SWITCH,568,498,130,75,27,88,65,0,0,0.261,1B,-0.045,0.501,0.789,-1.0,-0.074,0.171,3.985,3.814,10.032333454031084,
74,Kyle Schwarber,PHI| CHN| BOS| WAS,113,4,LEFT,471,399,106,76,32,71,64,1,1,0.266,LF,0.01,0.987,-0.03,-0.881,0.082,0.168,4.958,4.79,12.48188438270668,
75,Willy Adames,SFN| TBA| MIL,137,2,RIGHT,555,497,130,77,25,73,57,5,4,0.262,SS,0.065,0.306,0.067,-0.407,-0.053,-0.022,4.667,4.689,11.749284875774922,
76,Joey Gallo,TEX| NYA| LAN| MIN| WAS,150,4,LEFT,616,498,99,90,38,77,111,6,0,0.199,RF| LF,0.783,1.57,0.259,-0.288,-2.441,-0.116,4.674,4.79,11.766907544326548,
77,Nicky Lopez,ANA| CHN| KCA| ATL| CHA,147,9,LEFT,565,497,149,78,2,43,49,22,1,0.3,SS,0.121,-1.93,-1.378,1.611,1.397,-0.179,4.51,4.689,11.354033595402807,
78,Jean Segura,PHI| MIA,131,2,RIGHT,567,514,149,76,14,58,39,9,3,0.29,2B,0.01,-0.763,-0.656,0.068,1.056,-0.285,3.7909999999999995,4.076,9.543933782743245,
79,Amed Rosario,NYA| WAS| NYN| CLE| LAN| CIN| TBA,141,2,RIGHT,588,550,155,77,11,57,31,13,0,0.282,SS,0.065,-1.055,-0.704,0.543,0.791,-0.359,4.33,4.689,10.900879261218217,
80,Jazz Chisholm,NYA| MIA,124,1,LEFT,507,464,115,70,18,53,34,23,8,0.248,2B| SS,-0.321,-0.374,-0.896,1.73,-0.536,-0.398,4.291,4.689,10.802695822144889,
81,AJ Pollock,LAN| CHA| SEA| SFN,116,7,RIGHT,422,384,114,53,21,69,30,9,1,0.297,LF,-1.26,-0.083,-0.126,0.068,0.994,-0.406,4.384,4.79,11.036825561473595,
82,Nathaniel Lowe,BOS| WAS| TBA| TEX,157,4,LEFT,642,557,147,75,18,72,80,8,0,0.264,1B,-0.045,-0.374,0.019,-0.051,0.04,-0.412,3.402,3.814,8.56461691608877,
83,Franmil Reyes,CLE| CHN| KCA,115,4,RIGHT,466,418,106,57,30,85,43,4,1,0.254,DH,-1.039,0.792,0.645,-0.525,-0.3,-0.427,2.4335,2.8605,6.12639484576779,
84,Kyle Seager,SEA,159,3,LEFT,670,603,128,73,35,101,59,3,1,0.212,3B,-0.155,1.278,1.415,-0.644,-2.335,-0.441,4.349,4.79,10.94871221871548,
85,J. T. Realmuto,PHI,133,4,RIGHT,537,476,125,64,17,73,48,13,3,0.263,CC,-0.652,-0.472,0.067,0.543,-0.014,-0.528,7.780999999999999,8.309,19.588854857168343,
86,Will Smith,LAN,129,5,RIGHT,501,414,107,71,25,76,58,3,0,0.258,CC,-0.266,0.306,0.211,-0.644,-0.143,-0.535,7.773999999999999,8.309,19.571232188616722,
87,Adam Frazier,KCA| PIT| SDN| SEA| BAL,154,1,LEFT,639,577,176,83,5,43,48,10,5,0.305,2B,0.397,-1.638,-1.378,0.187,1.853,-0.58,3.4959999999999996,4.076,8.801264179496277,
88,Isiah Kiner-Falefa,PIT| TOR| TEX| NYA,157,1,RIGHT,677,635,172,74,8,53,28,20,5,0.271,SS,-0.1,-1.347,-0.896,1.374,0.382,-0.587,4.102,4.689,10.326883771251069,
89,Luis Urias,ATH| MIL| BOS| SEA,149,6,RIGHT,570,490,122,77,23,75,63,5,1,0.249,SS| 2B| 3B,0.065,0.112,0.163,-0.407,-0.524,-0.59,4.2,4.79,10.57360113097379,
90,Lourdes Gurriel,ARI| TOR,141,6,RIGHT,541,500,138,62,21,84,32,1,3,0.276,LF,-0.763,-0.083,0.596,-0.881,0.497,-0.633,4.157,4.79,10.465347595585248,
91,Andrew Benintendi,CHA| BOS| KCA| NYA,134,4,LEFT,538,493,136,63,17,73,36,8,9,0.276,LF,-0.708,-0.472,0.067,-0.051,0.485,-0.678,4.112,4.79,10.352059012039101,
92,Andrew McCutchen,PIT| PHI| MIL,144,1,RIGHT,574,482,107,78,27,80,81,6,1,0.222,LF,0.121,0.501,0.404,-0.288,-1.509,-0.771,4.019,4.79,10.117929272710397,
93,Mark Canha,KCA| OAK| NYN| MIL| DET| SFN,141,1,RIGHT,625,519,120,93,17,61,77,12,2,0.231,LF| CF| RF,0.949,-0.472,-0.511,0.424,-1.259,-0.869,3.9210000000000003,4.79,9.871211912987675,
94,Brandon Belt,SFN| TOR,97,4,LEFT,381,325,89,65,29,59,48,3,2,0.274,1B,-0.597,0.695,-0.607,-0.644,0.27,-0.884,2.93,3.814,7.37634555089362,
95,Charlie Blackmon,COL,150,3,LEFT,582,514,139,76,13,78,54,3,0,0.27,RF,0.01,-0.86,0.308,-0.644,0.292,-0.894,3.896,4.79,9.808273811017592,
96,Austin Hays,CIN| BAL| PHI,130,2,RIGHT,529,488,125,72,22,71,28,4,3,0.256,LF| RF,-0.211,0.014,-0.03,-0.525,-0.255,-1.006,3.784,4.79,9.526311114191623,
97,Dylan Carlson,BAL| SLN| TBA,149,2,SWITCH,619,542,144,79,18,65,57,2,1,0.266,CF| RF,0.176,-0.374,-0.318,-0.763,0.112,-1.168,3.622,4.79,9.118472213425491,
98,Raimel Tapia,COL| TOR| BOS| MIL| TBA,133,1,LEFT,533,487,133,69,6,50,40,20,6,0.273,LF,-0.376,-1.541,-1.041,1.374,0.376,-1.208,3.582,4.79,9.017771250273361,
99,Josh Donaldson,MIN| NYA| MIL,135,2,RIGHT,543,457,113,73,26,72,74,0,0,0.247,3B| DH,-0.155,0.403,0.019,-1.0,-0.548,-1.282,3.508,4.79,8.831474468441918,
100,Rhys Hoskins,MIL| PHI,107,2,RIGHT,443,389,96,64,27,71,47,3,2,0.247,1B,-0.652,0.501,-0.03,-0.644,-0.481,-1.306,2.508,3.814,6.313950389638634,
101,Buster Posey,SFN,113,3,RIGHT,454,395,120,68,18,56,56,0,0,0.304,CC,-0.432,-0.374,-0.752,-1.0,1.231,-1.327,6.981999999999999,8.309,17.577353118204524,
102,Trey Mancini,BAL| HOU| CHN,147,3,RIGHT,616,556,142,77,21,71,51,0,0,0.255,1B| DH,0.065,-0.083,-0.03,-1.0,-0.322,-1.369,2.4450000000000003,3.814,6.155346372674028,
103,Kolten Wong,SLN| MIL| LAN| SEA,115,1,LEFT,492,445,121,70,14,50,31,12,5,0.272,2B,-0.321,-0.763,-1.041,0.424,0.304,-1.397,2.6789999999999994,4.076,6.744447007113995,
104,Jeimer Candelario,CIN| DET| CHN| WAS,149,5,SWITCH,626,557,151,75,16,67,65,0,0,0.271,3B,-0.045,-0.569,-0.222,-1.0,0.345,-1.491,3.299,4.79,8.305311935972032,
105,Anthony Rizzo,CHN| NYA,141,3,LEFT,576,496,123,73,22,61,52,6,2,0.248,1B,-0.155,0.014,-0.511,-0.288,-0.568,-1.508,2.306,3.814,5.805410525720371,
106,Jesus Aguilar,MIA| BAL| OAK,131,3,RIGHT,510,449,117,49,22,93,46,0,0,0.261,1B,-1.481,0.014,1.03,-1.0,-0.082,-1.519,2.295,3.814,5.777717760853535,
107,J. P. Crawford,SEA,159,1,LEFT,687,619,169,89,9,54,58,3,6,0.273,SS,0.728,-1.249,-0.848,-0.644,0.475,-1.539,3.1500000000000004,4.689,7.930200848230343,
108,Miguel Sano,MIN| ANA,135,6,RIGHT,532,470,105,68,30,75,59,2,1,0.223,1B,-0.432,0.792,0.163,-0.763,-1.42,-1.659,2.1550000000000002,3.814,5.425264389821076,
109,Enrique Hernandez,LAN| BOS,134,1,RIGHT,585,508,127,84,20,60,61,1,0,0.25,CF| 2B,0.452,-0.18,-0.559,-0.881,-0.503,-1.672,3.1180000000000003,4.79,7.849640077708639,
110,Akil Baddoo,DET,117,1,LEFT,461,413,107,59,13,55,45,17,4,0.259,LF| CF,-0.928,-0.86,-0.8,1.018,-0.123,-1.694,3.096,4.79,7.794254547974965,
111,Francisco Lindor,NYN| CLE,125,2,SWITCH,524,452,104,73,20,63,58,10,4,0.23,SS,-0.155,-0.18,-0.415,0.187,-1.135,-1.699,2.99,4.689,7.527396995621817,
112,DJ LeMahieu,NYA,150,1,RIGHT,679,597,160,84,10,57,73,4,2,0.268,2B| 1B| 3B,0.452,-1.152,-0.704,-0.525,0.229,-1.7,3.09,4.79,7.779149403502145,
113,Mike Yastrzemski,KCA| SFN,138,2,LEFT,532,468,105,74,25,71,51,4,0,0.224,RF| CF,-0.1,0.306,-0.03,-0.525,-1.38,-1.729,3.061,4.79,7.70614120521685,
114,Tyler Naquin,CLE| CIN| NYN| CHA,126,5,LEFT,454,411,111,52,19,70,35,5,3,0.27,CF| RF| LF,-1.315,-0.277,-0.078,-0.407,0.223,-1.854,2.936,4.79,7.39145069536644,
115,Ian Happ,CHN,147,3,SWITCH,535,465,105,63,25,66,62,9,2,0.226,CF| LF,-0.708,0.306,-0.27,0.068,-1.32,-1.924,2.866,4.79,7.2152240098502105,
116,Yoan Moncada,ANA| CHA,144,3,SWITCH,616,520,137,74,14,61,84,3,2,0.263,3B,-0.1,-0.763,-0.511,-0.644,0.019,-1.999,2.791,4.79,7.026409703939963,
117,Joey Wendle,TBA| MIA| NYN,132,6,LEFT,501,460,122,72,11,54,28,8,6,0.265,3B| SS,-0.211,-1.055,-0.848,-0.051,0.079,-2.086,2.704,4.79,6.807385109084079,
118,Michael Brantley,HOU,121,2,LEFT,508,469,146,68,8,47,33,1,0,0.311,LF| DH,-0.432,-1.347,-1.185,-0.881,1.731,-2.114,2.676,4.79,6.736894434877587,
119,Trent Grisham,NYA| SDN,132,1,LEFT,527,462,112,61,15,62,54,13,5,0.242,CF,-0.818,-0.666,-0.463,0.543,-0.725,-2.129,2.661,4.79,6.699131573695537,
120,Josh Harrison,WAS| OAK| CHA| PHI,137,5,RIGHT,558,505,141,58,8,60,31,9,5,0.279,2B| 3B,-0.984,-1.347,-0.559,0.068,0.626,-2.196,2.594,4.79,6.530457460415716,
121,Corey Seager,TEX| LAN,95,2,LEFT,409,353,108,54,16,57,48,1,1,0.306,SS,-1.205,-0.569,-0.704,-0.881,1.158,-2.2,2.489,4.689,6.266117432141372,
122,Mike Zunino,TBA| CLE,105,8,RIGHT,375,333,72,64,33,62,34,0,0,0.216,CC,-0.652,1.084,-0.463,-1.0,-1.189,-2.22,6.088999999999999,8.309,15.329204115833189,
123,Jorge Soler,ANA| KCA| ATL| MIA| SFN,149,2,RIGHT,602,516,115,74,27,70,67,0,0,0.223,DH| RF,-0.1,0.501,-0.078,-1.0,-1.58,-2.258,2.532,4.79,6.374370967529914,
124,Wil Myers,SDN| CIN,146,6,RIGHT,500,442,113,56,17,63,54,8,5,0.256,RF,-1.094,-0.472,-0.415,-0.051,-0.247,-2.278,2.512,4.79,6.324020485953848,
125,Bobby Dalbec,CHA| BOS,129,9,RIGHT,453,417,100,50,25,78,28,2,0,0.24,1B,-1.425,0.306,0.308,-0.763,-0.738,-2.312,1.5020000000000002,3.814,3.781321166362532,
126,Matt Chapman,SFN| OAK| TOR,151,5,RIGHT,622,529,111,75,27,72,80,3,2,0.21,3B,-0.045,0.501,0.019,-0.644,-2.147,-2.317,2.473,4.79,6.225837046880519,
127,Miguel Rojas,LAN| MIA,132,1,RIGHT,539,495,131,66,9,48,37,13,3,0.265,SS,-0.542,-1.249,-1.137,0.543,0.063,-2.323,2.366,4.689,5.956461970448569,
128,Randal Grichuk,ARI| KCA| TOR| COL| ANA,143,5,RIGHT,545,511,123,59,22,81,27,0,3,0.241,CF| RF,-0.928,0.014,0.452,-1.0,-0.869,-2.331,2.459,4.79,6.190591709777274,
129,Jonathan Villar,MIA| TOR| NYN| ANA| CHN,142,1,SWITCH,505,454,113,63,18,42,46,14,7,0.249,3B| SS,-0.708,-0.374,-1.426,0.661,-0.488,-2.335,2.455,4.79,6.18052161346206,
130,Cesar Hernandez,CLE| CHA| WAS,149,1,SWITCH,637,570,132,84,21,62,59,1,1,0.232,2B,0.452,-0.083,-0.463,-0.881,-1.367,-2.342,1.7339999999999995,4.076,4.365386752644892,
131,Tommy Pham,PIT| SDN| BOS| CIN| ARI| NYN| CHA| KCA| SLN,155,1,RIGHT,561,475,109,74,15,49,78,14,6,0.229,LF,-0.1,-0.666,-1.089,0.661,-1.215,-2.409,2.3810000000000002,4.79,5.994224831630619,
132,George Springer,TOR| HOU,78,1,RIGHT,342,299,79,59,22,50,37,4,1,0.264,DH| CF,-0.928,0.014,-1.041,-0.525,0.028,-2.452,2.338,4.79,5.885971296242077,
133,Ketel Marte,ARI,90,2,SWITCH,374,340,108,52,14,50,31,2,0,0.318,CF| 2B,-1.315,-0.763,-1.041,-0.763,1.419,-2.462,2.328,4.79,5.860796055454043,
134,Patrick Wisdom,CHN,106,4,RIGHT,375,338,78,54,28,61,32,4,1,0.231,3B,-1.205,0.598,-0.511,-0.525,-0.831,-2.474,2.316,4.79,5.8305857665084035,
135,David Fletcher,ANA| ATL,157,1,RIGHT,665,626,164,74,2,47,31,15,3,0.262,2B| SS,-0.1,-1.93,-1.185,0.78,-0.048,-2.483,2.206,4.689,5.553658117840043,
136,Eugenio Suarez,ARI| SEA| CIN,145,6,RIGHT,574,505,100,71,31,79,56,0,1,0.198,SS| 3B,-0.266,0.889,0.356,-1.0,-2.505,-2.526,2.2640000000000002,4.79,5.699674514410634,
137,Kyle Farmer,COL| CIN| MIN,145,8,RIGHT,529,483,127,60,16,63,22,2,3,0.263,SS,-0.873,-0.569,-0.415,-0.763,-0.001,-2.621,2.068,4.689,5.20623979496519,
138,Josh Rojas,CHA| ARI| SEA,138,1,LEFT,550,484,128,68,11,44,58,9,4,0.264,SS| RF| 2B,-0.432,-1.055,-1.33,0.068,0.055,-2.693,2.097,4.79,5.279247993250485,
139,Eric Hosmer,SDN| BOS| CHN,151,5,LEFT,565,509,137,53,12,65,48,5,4,0.269,1B,-1.26,-0.958,-0.318,-0.407,0.24,-2.702,1.112,3.814,2.7994867756292514,
140,Yasmani Grandal,CHA| PIT,92,6,SWITCH,375,279,67,60,23,62,87,0,0,0.24,CC,-0.873,0.112,-0.463,-1.0,-0.486,-2.711,5.597999999999999,8.309,14.093099793140777,
141,Byron Buxton,MIN,61,2,RIGHT,254,235,72,50,19,32,13,9,1,0.306,CF,-1.425,-0.277,-1.908,0.068,0.779,-2.763,2.027,4.79,5.103021307734256,
142,Luis Robert,CHA,68,2,RIGHT,296,275,93,42,13,43,14,6,1,0.338,CF,-1.867,-0.86,-1.378,-0.288,1.579,-2.814,1.976,4.79,4.974627579715288,
143,Michael Taylor,CHA| WAS| KCA| MIN| PIT,139,8,RIGHT,528,483,118,58,12,54,33,14,7,0.244,CF,-0.984,-0.958,-0.848,0.661,-0.689,-2.817,1.9729999999999999,4.79,4.967075007478877,
144,Willson Contreras,SLN| CHN,127,2,RIGHT,483,413,98,61,21,57,52,5,4,0.237,CC,-0.818,-0.083,-0.704,-0.407,-0.81,-2.821,5.4879999999999995,8.309,13.816172144472418,
145,Eddie Rosario,ATL| LAN| MIN| CLE| WAS,111,4,LEFT,412,379,98,42,14,62,26,11,3,0.259,LF,-1.867,-0.763,-0.463,0.305,-0.127,-2.915,1.875,4.79,4.720357647756156,
146,Manuel Margot,DET| TBA| MIN,120,6,RIGHT,464,421,107,54,10,57,37,12,8,0.254,CF| LF| RF,-1.205,-1.152,-0.704,0.424,-0.284,-2.92,1.87,4.79,4.70777002736214,
147,Christian Yelich,MIL,117,3,LEFT,475,399,99,70,9,51,70,9,3,0.248,LF,-0.321,-1.249,-0.993,0.068,-0.453,-2.948,1.842,4.79,4.637279353155648,
148,LaMonte Wade,ANA| SFN| MIN,108,1,LEFT,381,336,85,52,18,56,33,6,1,0.253,LF| RF| 1B,-1.315,-0.374,-0.752,-0.288,-0.257,-2.986,1.8039999999999998,4.79,4.541613438161122,
149,Yandy Diaz,TBA,133,4,RIGHT,541,465,119,62,13,64,69,1,1,0.256,1B| 3B,-0.763,-0.86,-0.367,-0.881,-0.251,-3.122,1.6680000000000001,4.79,4.199230163443877,
150,Harrison Bader,MIN| PHI| SLN| NYA| CIN| NYN,102,8,RIGHT,401,367,98,45,16,50,27,9,4,0.267,CF,-1.702,-0.569,-1.041,0.068,0.114,-3.129,1.661,4.79,4.181607494892254,
151,Gleyber Torres,DET| NYA,127,5,RIGHT,516,459,119,50,9,51,50,14,6,0.259,SS,-1.425,-1.249,-0.993,0.661,-0.13,-3.136,1.553,4.689,3.9097148943814988,
152,Jose Iglesias,SDN| BAL| ANA| BOS| COL| NYN,133,7,RIGHT,511,483,131,64,9,48,21,5,2,0.271,SS,-0.652,-1.249,-1.137,-0.407,0.304,-3.141,1.548,4.689,3.8971272739874827,
153,Odubel Herrera,PHI,124,1,LEFT,492,450,117,59,13,51,29,6,1,0.26,CF| LF,-0.928,-0.86,-0.993,-0.288,-0.102,-3.172,1.6179999999999999,4.79,4.073353959503712,
154,Wilmer Flores,SFN,139,9,RIGHT,436,389,102,57,18,53,41,1,0,0.262,2B| 1B| 3B,-1.039,-0.374,-0.896,-0.881,-0.023,-3.214,1.576,4.79,3.9676179481939746,
155,Miguel Cabrera,DET,130,4,RIGHT,526,472,121,48,15,75,40,0,0,0.256,1B| DH,-1.536,-0.666,0.163,-1.0,-0.239,-3.277,0.5369999999999999,3.814,1.351910430317363,
156,Pavin Smith,ARI,145,1,LEFT,545,498,133,68,11,49,42,1,0,0.267,RF| 1B| LF| CF,-0.432,-1.055,-1.089,-0.881,0.156,-3.301,1.4889999999999999,4.79,3.7485933533380886,
157,Garrett Hampson,ARI| CIN| SLN| COL| MIA| KCA,139,1,RIGHT,494,453,106,67,11,33,33,17,7,0.234,CF| 2B,-0.487,-1.055,-1.859,1.018,-1.003,-3.386,1.404,4.79,3.5346038066398098,
158,Max Kepler,PHI| MIN,121,1,LEFT,490,426,90,61,19,54,54,10,0,0.211,RF| CF,-0.818,-0.277,-0.848,0.187,-1.682,-3.439,1.351,4.79,3.4011750304632358,
159,Frank Schwindel,CHN| OAK,64,2,RIGHT,259,242,79,44,14,43,16,2,1,0.326,1B,-1.757,-0.763,-1.378,-0.763,1.173,-3.488,0.32600000000000007,3.814,0.8207128496898706,
160,Leury Garcia,CHA,124,8,SWITCH,474,415,111,60,5,54,41,6,2,0.267,2B| LF| RF| CF,-0.873,-1.638,-0.848,-0.288,0.142,-3.505,1.2850000000000001,4.79,3.2350184412622194,
161,Brendan Rodgers,HOU| COL,102,2,RIGHT,415,387,110,49,15,51,19,0,0,0.284,2B| SS,-1.481,-0.666,-0.993,-1.0,0.628,-3.511,1.178,4.689,2.965643364830268,
162,Joc Pederson,TEX| LAN| ATL| CHN| SFN| ARI,136,1,LEFT,481,429,102,55,18,61,39,2,3,0.238,LF| RF| CF,-1.149,-0.374,-0.511,-0.763,-0.826,-3.623,1.1669999999999998,4.79,2.937950599963431,
163,Rafael Ortega,CHN| NYN| CHA,100,1,LEFT,330,296,86,44,11,33,30,12,6,0.291,CF,-1.757,-1.055,-1.859,0.424,0.623,-3.624,1.166,4.79,2.935433075884628,
164,Alex Bregman,BOS| HOU,91,3,RIGHT,400,348,94,54,12,55,44,1,0,0.27,3B,-1.205,-0.958,-0.8,-0.881,0.19,-3.654,1.1360000000000001,4.79,2.8599073535205304,
165,Eric Haase,MIL| DET| CLE,98,6,RIGHT,381,351,81,48,22,61,26,2,0,0.231,CC| LF,-1.536,0.014,-0.511,-0.763,-0.863,-3.658,4.651,8.309,11.70900449051407,
166,Jed Lowrie,OAK,139,4,SWITCH,512,457,112,55,14,69,49,0,0,0.245,DH| 2B,-1.149,-0.763,-0.126,-1.0,-0.625,-3.663,0.4129999999999998,4.076,1.0397374445457555,
167,David Peralta,ARI| TBA| LAN| SDN,149,4,LEFT,538,487,126,57,8,63,46,2,1,0.259,LF,-1.039,-1.347,-0.415,-0.763,-0.158,-3.721,1.069,4.79,2.6912332402407095,
168,Carlos Santana,CHN| CLE| KCA| SEA| MIL| PIT| MIN,158,2,SWITCH,659,565,121,66,19,69,86,2,0,0.214,1B,-0.542,-0.277,-0.126,-0.763,-2.106,-3.814,0.0,3.814,0.0,
169,Tyler Stephenson,CIN,130,4,RIGHT,402,350,100,56,10,45,41,0,0,0.286,CC| 1B,-1.094,-1.152,-1.282,-1.0,0.608,-3.92,4.388999999999999,8.309,11.049413181867608,
170,Yadier Molina,SLN,121,5,RIGHT,473,440,111,45,11,66,24,3,0,0.252,CC,-1.702,-1.055,-0.27,-0.644,-0.36,-4.03,4.278999999999999,8.309,10.772485533199246,
171,Nick Solak,PIT| TEX| ATL| DET,127,2,RIGHT,511,458,111,57,11,49,34,7,5,0.242,2B,-1.039,-1.055,-1.089,-0.169,-0.721,-4.073,0.0029999999999992255,4.076,0.0075525722364079,
172,Luis Arraez,SDN| MIN| MIA,121,1,LEFT,479,428,126,58,2,42,43,2,2,0.294,3B| 2B| LF,-0.984,-1.93,-1.426,-0.763,1.027,-4.076,0.7140000000000004,4.79,1.7975121922655453,
173,Tony Kemp,OAK| BAL,116,9,LEFT,397,330,92,50,8,37,52,8,2,0.279,2B| LF,-1.425,-1.347,-1.667,-0.051,0.398,-4.091,0.6989999999999998,4.79,1.7597493310834946,
174,Brad Miller,SLN| PHI| TEX,140,9,LEFT,377,331,75,53,20,49,45,3,0,0.227,1B,-1.26,-0.18,-1.089,-0.644,-0.92,-4.092,-0.2779999999999996,3.814,-0.6998716939073117,
175,Ramon Laureano,BAL| SDN| OAK| CLE| ATL,88,2,RIGHT,378,341,84,43,14,39,27,12,5,0.246,CF,-1.812,-0.763,-1.57,0.424,-0.433,-4.155,0.6349999999999998,4.79,1.5986277900400845,
176,Anthony Santander,TOR| BAL,110,3,SWITCH,438,406,98,54,18,50,23,1,1,0.241,RF| DH,-1.205,-0.374,-1.041,-0.881,-0.67,-4.171,0.6189999999999998,4.79,1.5583474047792318,
177,Chas McCormick,HOU,95,7,RIGHT,320,284,73,44,14,50,25,4,2,0.257,LF| CF| RF,-1.757,-0.763,-1.041,-0.525,-0.129,-4.215,0.5750000000000002,4.79,1.4475763453118884,
178,Omar Narvaez,CHA| MIL| NYN,123,5,LEFT,445,391,104,54,11,49,41,0,0,0.266,CC,-1.205,-1.055,-1.089,-1.0,0.09,-4.259,4.049999999999999,8.309,10.195972519153294,
179,Christian Vazquez,MIN| BOS| HOU,132,7,RIGHT,498,458,118,50,6,49,33,8,4,0.258,CC,-1.425,-1.541,-1.089,-0.051,-0.187,-4.293,4.015999999999999,8.309,10.110376700473983,
180,Elias Diaz,SDN| COL,106,8,RIGHT,371,338,83,52,18,44,30,0,0,0.246,CC,-1.315,-0.374,-1.33,-1.0,-0.449,-4.469,3.839999999999999,8.309,9.667292462604605,
181,Darin Ruf,SFN| NYN| MIL,117,9,RIGHT,312,262,71,41,16,43,46,2,0,0.271,1B| LF,-1.922,-0.569,-1.378,-0.763,0.16,-4.471,0.31899999999999995,4.79,0.8030901811382473,
182,Yan Gomes,WAS| OAK| CHN,102,7,RIGHT,375,349,88,49,14,52,19,0,0,0.252,CC,-1.481,-0.763,-0.944,-1.0,-0.289,-4.477,3.831999999999999,8.309,9.647152269974178,
183,Gio Urshela,ATH| NYA| MIN| ANA| ATL| DET,116,4,RIGHT,442,420,112,42,14,49,20,1,0,0.267,3B| SS,-1.867,-0.763,-1.089,-0.881,0.118,-4.482,0.30799999999999983,4.79,0.7753974162714108,
184,Wander Franco,TBA,70,3,SWITCH,308,281,81,53,7,39,24,2,1,0.288,SS,-1.26,-1.444,-1.57,-0.763,0.542,-4.494,0.19500000000000028,4.689,0.49091719536664097,
185,Brandon Nimmo,NYN,91,1,LEFT,386,325,95,51,8,28,54,5,4,0.292,CF,-1.37,-1.347,-2.1,-0.407,0.728,-4.496,0.2939999999999996,4.79,0.7401520791681643,
186,Brett Phillips,KCA| TBA| BAL| ANA,93,9,LEFT,292,253,52,42,13,44,33,14,2,0.206,RF| CF,-1.867,-0.86,-1.33,0.661,-1.11,-4.506,0.2839999999999998,4.79,0.7149768383801319,
187,Lorenzo Cain,MIL,78,8,RIGHT,286,257,66,40,8,36,26,13,2,0.257,CF,-1.978,-1.347,-1.715,0.543,-0.121,-4.617,0.17300000000000004,4.79,0.43553166563296813,
188,Gary Sanchez,BAL| NYA| MIN| NYN| SDN| MIL,117,7,RIGHT,440,383,78,54,23,54,52,0,0,0.204,CC,-1.205,0.112,-0.848,-1.0,-1.735,-4.676,3.632999999999999,8.309,9.146164978292326,
189,Elvis Andrus,TEX| OAK| CHA,143,9,RIGHT,541,497,121,60,3,37,31,12,2,0.243,SS,-0.873,-1.833,-1.667,0.424,-0.741,-4.689,0.0,4.689,0.0,
190,Austin Slater,CHA| NYA| SFN| BAL| CIN,117,1,RIGHT,306,274,66,37,12,32,28,15,2,0.241,LF| CF| RF,-2.143,-0.958,-1.908,0.78,-0.462,-4.691,0.0990000000000002,4.79,0.24923488380152556,
191,Evan Longoria,SFN| ARI,80,5,RIGHT,291,253,66,45,13,46,35,1,1,0.261,3B,-1.702,-0.86,-1.233,-0.881,-0.041,-4.717,0.0730000000000004,4.79,0.18377925775264067,
192,Michael Conforto,LAN| NYN| SFN,125,3,LEFT,479,406,94,52,14,55,59,1,0,0.232,RF,-1.315,-0.763,-0.8,-0.881,-0.975,-4.735,0.054999999999999716,4.79,0.13846382433417986,
193,Ke'Bryan Hayes,CIN| PIT,95,2,RIGHT,396,362,93,49,6,38,31,9,1,0.257,3B,-1.481,-1.541,-1.619,0.068,-0.168,-4.74,0.04999999999999982,4.79,0.12587620394016372,
194,Seth Brown,ATH| OAK,104,7,LEFT,307,281,60,42,20,48,23,4,1,0.214,RF,-1.867,-0.18,-1.137,-0.525,-1.061,-4.771,0.019000000000000128,4.79,0.047832957497262706,
195,Andrew Vaughn,CHA| MIL,127,6,RIGHT,469,417,98,56,15,48,41,0,1,0.235,LF,-1.094,-0.666,-1.137,-1.0,-0.89,-4.788,0.0019999999999997797,4.79,0.005035048157606012,
196,Hunter Dozier,KCA,143,6,RIGHT,543,487,105,54,16,54,43,5,4,0.216,3B| RF,-1.205,-0.569,-0.848,-0.407,-1.762,-4.79,0.0,4.79,0.0,
197,Kevin Kiermaier,TBA| TOR| LAN,109,9,LEFT,390,348,90,53,4,37,33,8,3,0.259,CF,-1.26,-1.735,-1.667,-0.051,-0.116,-4.828,-0.038000000000000256,4.79,-0.09566591499452541,
198,Dylan Moore,SEA| TEX,120,8,RIGHT,377,332,60,41,12,43,40,21,4,0.181,2B| LF,-1.922,-0.958,-1.378,1.492,-2.085,-4.851,-0.06099999999999994,4.79,-0.15356896880700013,
199,Matt Duffy,CHN| ANA| KCA| TEX,97,5,RIGHT,322,289,83,45,5,30,25,8,1,0.287,3B| 2B,-1.702,-1.638,-2.004,-0.051,0.534,-4.86,-0.07000000000000028,4.79,-0.17622668551623055,
200,Dominic Smith,SFN| NYN| WAS| BOS| CIN,144,3,LEFT,493,446,109,43,11,58,32,2,1,0.244,LF,-1.812,-1.055,-0.656,-0.763,-0.633,-4.918,-0.1280000000000001,4.79,-0.32224308208682056,
201,Abraham Toro,BOS| HOU| SEA| MIL| OAK,94,5,SWITCH,375,335,80,44,11,46,31,6,3,0.239,3B| 2B,-1.757,-1.055,-1.233,-0.288,-0.618,-4.951,-0.1609999999999996,4.79,-0.4053213766873276,
202,Freddy Galvis,CIN| BAL| PHI,104,6,SWITCH,394,356,86,53,14,40,27,1,0,0.242,SS,-1.26,-0.763,-1.522,-0.881,-0.582,-5.009,-0.3200000000000003,4.689,-0.8056077052170514,
203,Sean Murphy,ATL| OAK,117,7,RIGHT,448,393,85,47,17,59,40,0,0,0.216,CC,-1.591,-0.472,-0.607,-1.0,-1.401,-5.071,3.2379999999999995,8.309,8.15174296716503,
204,Bradley Zimmer,CLE| PHI| TOR,96,7,LEFT,348,299,68,43,8,35,30,14,2,0.227,CF| RF,-1.812,-1.347,-1.763,0.661,-0.812,-5.072,-0.28200000000000003,4.79,-0.709941790222526,
205,Christian Walker,HOU| ARI,115,4,RIGHT,445,401,98,55,10,46,38,0,0,0.244,1B,-1.149,-1.152,-1.233,-1.0,-0.569,-5.104,-1.29,3.814,-3.2476060616562354,
206,Alcides Escobar,WAS,75,2,RIGHT,349,319,92,53,4,28,17,3,0,0.288,SS,-1.26,-1.735,-2.1,-0.644,0.619,-5.12,-0.43100000000000005,4.689,-1.0850528779642152,
207,Kevin Pillar,TEX| BOS| COL| NYN| LAN| ATL| ANA| CHA,118,7,RIGHT,347,325,75,40,15,47,11,4,3,0.231,CF| RF| LF,-1.978,-0.666,-1.185,-0.525,-0.799,-5.153,-0.36299999999999955,4.79,-0.9138612406055907,
208,Phil Gosselin,PHI| ANA| ATL,103,3,RIGHT,373,345,90,40,7,47,24,4,2,0.261,3B| 1B| LF,-1.978,-1.444,-1.185,-0.525,-0.056,-5.187,-0.39700000000000024,4.79,-0.9994570592849041,
209,Gavin Lux,CIN| LAN,99,7,LEFT,381,335,81,49,7,46,41,4,1,0.242,2B| SS,-1.481,-1.444,-1.233,-0.525,-0.542,-5.225,-0.5359999999999996,4.689,-1.3493929062385588,
210,Alec Bohm,PHI,115,5,RIGHT,417,380,94,46,7,47,31,4,0,0.247,3B,-1.646,-1.444,-1.185,-0.525,-0.453,-5.254,-0.4639999999999995,4.79,-1.1681311725647223,
211,Tyrone Taylor,NYN| MIL,92,9,RIGHT,271,243,60,33,12,43,20,6,1,0.247,LF| RF,-2.364,-0.958,-1.378,-0.288,-0.298,-5.286,-0.49599999999999955,4.79,-1.2486919430864274,
212,Daulton Varsho,TOR| ARI,92,8,LEFT,315,284,70,40,11,38,30,6,0,0.246,CF| CC,-1.978,-1.055,-1.619,-0.288,-0.358,-5.297,3.0119999999999996,8.309,7.582782525355488,
213,Justin Upton,ANA| SEA,88,1,RIGHT,362,318,67,47,17,41,39,4,1,0.211,LF,-1.591,-0.472,-1.474,-0.525,-1.27,-5.332,-0.5419999999999998,4.79,-1.364498050711379,
214,Luis Torrens,NYN| SDN| SEA| CHN,105,6,RIGHT,378,346,84,39,15,47,28,0,0,0.243,CC| DH,-2.033,-0.666,-1.185,-1.0,-0.534,-5.418,2.890999999999999,8.309,7.27816211182029,
215,Albert Pujols,ANA| LAN| SLN,108,9,RIGHT,296,275,65,29,17,50,14,2,0,0.236,1B,-2.585,-0.472,-1.041,-0.763,-0.559,-5.419,-1.6049999999999995,3.814,-4.040626146479268,
216,Steven Duggar,SFN| ANA| TEX,102,7,LEFT,297,268,69,41,8,35,27,6,0,0.257,CF,-1.922,-1.347,-1.763,-0.288,-0.113,-5.433,-0.6429999999999998,4.79,-1.6187679826705106,
217,Willi Castro,CHN| MIN| DET,121,7,SWITCH,450,413,91,54,9,38,23,8,4,0.22,SS| 2B,-1.205,-1.249,-1.619,-0.051,-1.345,-5.468,-0.7789999999999999,4.689,-1.9611512573877574,
218,Corey Dickerson,MIA| TOR| SLN| WAS,109,5,LEFT,365,336,91,43,6,29,25,6,5,0.271,LF,-1.812,-1.541,-2.052,-0.288,0.202,-5.491,-0.7009999999999996,4.79,-1.7647843792411007,
219,Carson Kelly,CHN| ARI| DET| TEX,98,5,RIGHT,359,304,73,41,13,46,44,0,0,0.24,CC,-1.922,-0.86,-1.233,-1.0,-0.53,-5.547,2.7619999999999996,8.309,6.953401505654668,
220,Niko Goodrum,DET| HOU| ANA| TBA,90,7,SWITCH,325,290,62,39,9,33,29,14,5,0.214,SS,-2.033,-1.249,-1.859,0.661,-1.089,-5.569,-0.8799999999999999,4.689,-2.215421189346889,
221,Gregory Polanco,PIT,107,6,LEFT,382,336,70,38,11,36,36,14,1,0.208,RF,-2.088,-1.055,-1.715,0.661,-1.402,-5.598,-0.8079999999999998,4.79,-2.0341594556730525,
222,Paul DeJong,WAS| SLN| SFN| TOR| CHA| KCA,113,7,RIGHT,402,356,70,44,19,45,35,4,1,0.197,SS,-1.757,-0.277,-1.282,-0.525,-1.804,-5.644,-0.9550000000000001,4.689,-2.4042354952571356,
223,Jeff McNeil,NYN,120,1,LEFT,426,386,97,48,7,35,29,3,0,0.251,2B| LF,-1.536,-1.444,-1.763,-0.644,-0.344,-5.731,-0.9409999999999998,4.79,-2.3689901581538892,
224,Colin Moran,PIT| CIN,99,4,LEFT,359,318,82,29,10,50,36,1,0,0.258,1B,-2.585,-1.152,-1.041,-0.881,-0.124,-5.783,-1.9690000000000003,3.814,-4.957004911163666,
225,Max Stassi,ANA,84,5,RIGHT,319,282,68,45,13,35,28,0,0,0.241,CC,-1.702,-0.86,-1.763,-1.0,-0.47,-5.795,2.5139999999999993,8.309,6.329055534111452,
226,Jacob Stallings,BAL| COL| PIT| MIA,112,5,RIGHT,427,374,92,38,8,53,49,0,0,0.246,CC,-2.088,-1.347,-0.896,-1.0,-0.485,-5.816,2.4929999999999994,8.309,6.276187528456584,
227,Jace Peterson,MIL| ARI| OAK,93,6,LEFT,302,259,64,36,6,31,38,10,1,0.247,2B| 1B,-2.198,-1.541,-1.956,0.187,-0.314,-5.822,-1.7460000000000004,4.076,-4.395597041590534,
228,Harold Ramirez,MIA| CLE| TBA| WAS,96,5,RIGHT,361,339,91,32,7,41,14,3,1,0.268,CF| LF| RF,-2.419,-1.444,-1.474,-0.644,0.141,-5.84,-1.0499999999999998,4.79,-2.643400282743447,
229,Tucker Barnhart,TEX| CIN| DET| CHN| ARI,116,7,LEFT,388,348,86,41,7,48,29,0,0,0.247,CC,-1.922,-1.444,-1.137,-1.0,-0.421,-5.924,2.384999999999999,8.309,6.0042949279458275,
230,Yadiel Hernandez,WAS,112,9,LEFT,289,264,72,33,9,32,22,3,0,0.273,LF,-2.364,-1.249,-1.908,-0.644,0.197,-5.968,-1.178,4.79,-2.965643364830268,
231,Jurickson Profar,ATL| SDN| COL,137,9,SWITCH,412,353,80,47,4,33,49,10,5,0.227,LF| 1B| RF| CF,-1.591,-1.735,-1.859,0.187,-0.98,-5.979,-1.189,4.79,-2.993336129697104,
232,Matt Beaty,LAN| SDN| KCA| SFN,118,9,LEFT,234,204,55,33,7,40,20,2,2,0.27,1B| LF,-2.364,-1.444,-1.522,-0.763,0.103,-5.99,-1.2000000000000002,4.79,-3.0210288945639405,
233,Ramon Urias,BAL| HOU,83,6,RIGHT,296,262,73,33,7,38,28,1,2,0.279,2B| SS,-2.364,-1.444,-1.619,-0.881,0.313,-5.995,-1.306,4.689,-3.287886446917088,
234,Brett Gardner,NYA,132,9,LEFT,461,387,86,47,10,39,60,4,0,0.222,LF| CF,-1.591,-1.152,-1.57,-0.525,-1.204,-6.043,-1.2530000000000001,4.79,-3.154457670740514,
235,Donovan Solano,SEA| TEX| SFN| CIN| MIN| SDN,100,6,RIGHT,344,307,86,34,7,31,25,2,0,0.28,2B,-2.309,-1.444,-1.956,-0.763,0.402,-6.069,-1.9930000000000003,4.076,-5.017425489054944,
236,Edmundo Sosa,PHI| SLN,109,7,RIGHT,326,288,78,39,6,27,17,4,4,0.271,SS| 2B,-2.033,-1.541,-2.148,-0.525,0.173,-6.075,-1.3860000000000001,4.689,-3.489288373221351,
237,Ryan Zimmerman,WAS,110,9,RIGHT,273,255,62,27,14,46,16,0,0,0.243,1B,-2.695,-0.763,-1.233,-1.0,-0.386,-6.078,-2.2640000000000002,3.814,-5.699674514410634,
238,Didi Gregorius,PHI,103,6,LEFT,408,368,77,35,13,54,25,3,0,0.209,SS,-2.254,-0.86,-0.848,-0.644,-1.51,-6.116,-1.4269999999999996,4.689,-3.5925068604522843,
239,Pedro Severino,BAL| MIL,110,5,RIGHT,419,379,94,32,11,46,34,0,0,0.248,CC,-2.419,-1.055,-1.233,-1.0,-0.433,-6.14,2.1689999999999996,8.309,5.460509726924321,
240,Alex Dickerson,SFN| ATL,111,4,LEFT,312,283,66,37,13,38,23,1,0,0.233,LF,-2.143,-0.86,-1.619,-0.881,-0.643,-6.147,-1.3570000000000002,4.79,-3.416280174936056,
241,Garrett Cooper,MIA| SDN| BOS| CHN,71,3,RIGHT,250,215,61,30,9,33,30,1,1,0.284,RF,-2.53,-1.249,-1.859,-0.881,0.341,-6.179,-1.3890000000000002,4.79,-3.496840945457761,
242,Ji Man Choi,TBA| PIT| SDN,82,2,LEFT,305,258,59,36,11,45,45,0,0,0.229,1B,-2.198,-1.055,-1.282,-1.0,-0.676,-6.211,-2.3970000000000002,3.814,-6.03450521689147,
243,Harold Castro,DET| COL,102,6,LEFT,339,315,89,34,3,37,14,1,1,0.283,SS| 2B,-2.309,-1.833,-1.667,-0.881,0.471,-6.219,-1.5300000000000002,4.689,-3.8518118405690243,
244,Sam Hilliard,COL| ATL,78,7,LEFT,238,214,46,31,14,34,23,5,0,0.215,CF,-2.475,-0.763,-1.811,-0.407,-0.785,-6.24,-1.4500000000000002,4.79,-3.6504099142647615,
245,Mitch Garver,SEA| MIN| TEX,68,4,RIGHT,243,207,53,29,13,34,31,1,1,0.256,CC,-2.585,-0.86,-1.811,-0.881,-0.11,-6.248,2.060999999999999,8.309,5.188617126413565,
246,Bobby Bradley,CLE,74,5,LEFT,279,245,51,36,16,41,25,0,0,0.208,1B,-2.198,-0.569,-1.474,-1.0,-1.025,-6.267,-2.4530000000000003,3.814,-6.175486565304455,
247,Jake Fraley,ATL| CIN| SEA,77,6,LEFT,265,214,45,27,9,36,46,10,2,0.21,LF,-2.695,-1.249,-1.715,0.187,-0.861,-6.334,-1.5439999999999996,4.79,-3.8870571776722684,
248,Aledmys Diaz,HOU| OAK,84,7,RIGHT,319,294,76,28,8,45,16,0,1,0.259,3B,-2.64,-1.347,-1.282,-1.0,-0.1,-6.369,-1.5789999999999997,4.79,-3.9751705204303835,
249,Kevin Newman,ANA| PIT| CIN| ARI,148,7,RIGHT,554,517,117,50,5,39,27,6,1,0.226,SS,-1.425,-1.638,-1.57,-0.288,-1.448,-6.37,-1.681,4.689,-4.231957976468319,
250,Jesus Sanchez,HOU| MIA,64,4,LEFT,251,227,57,27,14,36,20,0,1,0.251,RF| LF,-2.695,-0.763,-1.715,-1.0,-0.206,-6.379,-1.5889999999999995,4.79,-4.000345761218416,
251,Ben Gamel,MIL| CLE| PIT| SDN| HOU| NYN,120,5,LEFT,400,340,84,43,8,26,51,3,6,0.247,LF,-1.812,-1.347,-2.196,-0.644,-0.413,-6.412,-1.6219999999999999,4.79,-4.083424055818925,
252,Nick Ahmed,TEX| ARI| LAN| SDN| SFN,127,7,RIGHT,473,434,96,46,5,38,34,7,2,0.221,SS,-1.646,-1.638,-1.619,-0.169,-1.385,-6.457,-1.7679999999999998,4.689,-4.450982571324205,
253,Jarred Kelenic,ATL| SEA,92,7,LEFT,377,337,61,41,14,43,36,6,4,0.181,CF,-1.922,-0.763,-1.378,-0.288,-2.109,-6.461,-1.6710000000000003,4.79,-4.206782735680287,
254,Rowdy Tellez,SEA| TEX| TOR| MIL| PIT,106,7,LEFT,325,297,72,34,11,36,23,0,0,0.242,1B,-2.309,-1.055,-1.715,-1.0,-0.466,-6.545,-2.731,3.814,-6.875358259211766,
255,Jack Mayfield,HOU| ANA| SEA,82,9,RIGHT,290,266,58,30,10,39,17,5,0,0.218,3B,-2.53,-1.152,-1.57,-0.407,-0.913,-6.572,-1.782,4.79,-4.486227908427451,
256,Lane Thomas,CLE| SLN| WAS,74,1,RIGHT,264,226,53,35,7,28,37,6,3,0.235,CF,-2.254,-1.444,-2.1,-0.288,-0.491,-6.577,-1.787,4.79,-4.498815528821467,
257,Rougned Odor,TEX| NYA| BAL| SDN,99,6,LEFT,361,322,65,42,15,39,27,0,1,0.202,2B| 3B,-1.867,-0.666,-1.57,-1.0,-1.503,-6.606,-1.8159999999999998,4.79,-4.5718237271067625,
258,Santiago Espinal,CIN| TOR,79,8,RIGHT,246,222,69,29,2,17,22,6,1,0.311,3B,-2.585,-1.93,-2.63,-0.288,0.811,-6.622,-1.8319999999999999,4.79,-4.612104112367614,
259,Taylor Ward,ANA,62,7,RIGHT,237,208,52,33,8,33,20,1,1,0.25,RF,-2.364,-1.347,-1.859,-0.881,-0.206,-6.658,-1.8680000000000003,4.79,-4.702734979204534,
260,Juan Lagares,NYN| ANA,96,8,RIGHT,327,309,73,39,6,38,12,1,2,0.236,RF| CF,-2.033,-1.541,-1.619,-0.881,-0.631,-6.705,-1.915,4.79,-4.821058610908287,
261,Ronald Torreyes,PHI,110,8,RIGHT,344,318,77,30,7,41,19,2,1,0.242,SS| 3B,-2.53,-1.444,-1.474,-0.763,-0.506,-6.716,-1.9260000000000002,4.79,-4.848751375775124,
262,Yermin Mercedes,CHA| SFN,68,5,RIGHT,262,240,65,26,7,37,20,0,1,0.271,DH,-2.751,-1.444,-1.667,-1.0,0.144,-6.717,-3.8564999999999996,2.8605,-9.70883160990486,
263,Connor Joe,CIN| SDN| COL| PIT,63,1,RIGHT,211,179,51,23,8,35,26,0,0,0.285,LF,-2.916,-1.347,-1.763,-1.0,0.3,-6.726,-1.936,4.79,-4.873926616563156,
264,James McCann,ARI| CHA| NYN| BAL,121,8,RIGHT,412,375,87,29,10,46,32,1,2,0.232,CC,-2.585,-1.152,-1.233,-0.881,-0.887,-6.739,1.5699999999999994,8.309,3.952512803721153,
265,Yu Chang,CLE| BOS| PIT| TBA,83,7,RIGHT,251,237,54,32,9,39,11,1,0,0.228,1B,-2.419,-1.249,-1.57,-0.881,-0.636,-6.756,-2.942,3.814,-7.40655583983926,
266,Starlin Castro,WAS,87,5,RIGHT,346,315,89,25,3,38,26,0,1,0.283,3B,-2.806,-1.833,-1.619,-1.0,0.471,-6.787,-1.9969999999999999,4.79,-5.027495585370157,
267,Francisco Mejia,SDN| TBA,81,8,SWITCH,277,250,65,31,6,35,17,0,0,0.26,CC,-2.475,-1.541,-1.763,-1.0,-0.057,-6.835,1.4739999999999993,8.309,3.7108304921560378,
268,Asdrubal Cabrera,WAS| ARI| CIN,110,3,SWITCH,352,309,71,34,7,42,36,1,0,0.23,3B,-2.309,-1.444,-1.426,-0.881,-0.783,-6.843,-2.053,4.79,-5.168476933783141,
269,Andy Ibanez,DET| TEX,76,5,RIGHT,272,253,70,31,7,25,15,0,0,0.277,2B,-2.475,-1.444,-2.245,-1.0,0.265,-6.898,-2.822,4.076,-7.104452950382866,
270,Gavin Sheets,SDN| CHA,54,7,LEFT,179,160,40,23,11,34,16,0,0,0.25,DH,-2.916,-1.055,-1.811,-1.0,-0.159,-6.941,-4.0805,2.8605,-10.272757003556798,
271,Luke Voit,NYA| SDN| WAS| MIL,68,5,RIGHT,241,213,51,26,11,35,21,0,0,0.239,1B,-2.751,-1.055,-1.763,-1.0,-0.383,-6.952,-3.138,3.814,-7.899990559284703,
272,Eloy Jimenez,CHA| BAL,55,4,RIGHT,231,213,53,23,10,37,16,0,0,0.249,LF,-2.916,-1.152,-1.667,-1.0,-0.23,-6.965,-2.175,4.79,-5.47561487139714,
273,Mike Trout,ANA,36,3,RIGHT,146,117,39,23,8,18,27,2,0,0.333,CF,-2.916,-1.347,-2.582,-0.763,0.629,-6.979,-2.189,4.79,-5.510860208500388,
274,Yonathan Daza,COL,105,9,RIGHT,331,301,85,26,2,30,21,2,1,0.282,CF| RF,-2.751,-1.93,-2.004,-0.763,0.446,-7.001,-2.2110000000000003,4.79,-5.56624573823406,
275,Victor Caratini,HOU| CHN| SDN| MIL,108,8,SWITCH,356,313,71,33,7,39,35,2,0,0.227,CC,-2.364,-1.444,-1.57,-0.763,-0.864,-7.005,1.3039999999999994,8.309,3.28285139875948,
276,DJ Peters,LAN| TEX,67,4,RIGHT,240,223,44,27,13,38,12,2,0,0.197,CF| LF,-2.695,-0.86,-1.619,-0.763,-1.118,-7.055,-2.2649999999999997,4.79,-5.702192038489436,
277,Brian Anderson,MIA| MIL| ATL,66,5,RIGHT,264,233,58,24,7,28,26,5,0,0.249,3B,-2.861,-1.444,-2.1,-0.407,-0.25,-7.062,-2.2720000000000002,4.79,-5.719814707041061,
278,DJ Stewart,BAL| NYN,99,5,LEFT,318,270,55,39,12,33,44,0,0,0.204,LF| RF,-2.033,-0.958,-1.859,-1.0,-1.222,-7.072,-2.282,4.79,-5.744989947829093,
279,Adalberto Mondesi,KCA,34,6,SWITCH,136,126,29,19,6,17,6,13,1,0.23,3B,-3.137,-1.541,-2.63,0.543,-0.316,-7.081,-2.2910000000000004,4.79,-5.767647664538323,
280,Alex Kirilloff,MIN,59,5,LEFT,231,215,54,23,8,34,14,1,1,0.251,1B| RF,-2.916,-1.347,-1.811,-0.881,-0.194,-7.149,-2.359,4.79,-5.938839301896945,
281,Jorge Alfaro,WAS| MIA| SDN| BOS| COL,92,7,RIGHT,311,295,72,22,4,30,11,8,1,0.244,CC| LF,-2.971,-1.735,-2.004,-0.051,-0.426,-7.187,1.121999999999999,8.309,2.8246620164172813,
282,Nick Madrigal,CHA| CHN,53,9,RIGHT,215,200,61,29,2,21,11,1,2,0.305,2B,-2.585,-1.93,-2.437,-0.881,0.642,-7.192,-3.1160000000000005,4.076,-7.844605029551032,
283,Jason Heyward,SDN| CHN| LAN| HOU,101,6,LEFT,353,323,69,35,8,30,27,5,1,0.214,RF,-2.254,-1.347,-2.004,-0.407,-1.217,-7.228,-2.4379999999999997,4.79,-6.137723704122404,
284,Danny Jansen,MIL| TBA| TOR| BOS,64,9,RIGHT,205,184,41,30,11,28,17,0,0,0.223,CC,-2.53,-1.055,-2.1,-1.0,-0.564,-7.249,1.0599999999999996,8.309,2.668575523531479,
285,Maikel Franco,KCA| BAL| WAS,103,7,RIGHT,403,377,79,31,11,47,20,0,0,0.21,3B,-2.475,-1.055,-1.185,-1.0,-1.538,-7.253,-2.463,4.79,-6.200661806092487,
286,Adam Engel,CHA| SDN,38,2,RIGHT,140,123,31,21,7,18,11,7,1,0.252,CF,-3.027,-1.444,-2.582,-0.169,-0.103,-7.324,-2.534,4.79,-6.379406015687519,
287,Victor Reyes,DET,69,9,SWITCH,220,209,54,24,5,22,8,5,1,0.258,RF| CF,-2.861,-1.638,-2.389,-0.407,-0.073,-7.368,-2.5780000000000003,4.79,-6.4901770751548655,
288,Ehire Adrianza,MIN| ATL| WAS| ANA,109,9,SWITCH,209,182,45,32,5,28,21,0,0,0.247,,-2.419,-1.638,-2.1,-1.0,-0.219,-7.376,-7.376,0.0,-18.569257605253018,
289,Brian Goodwin,ANA| CIN| CHA,70,4,LEFT,271,235,52,33,8,29,33,1,0,0.221,CF| RF,-2.364,-1.347,-2.052,-0.881,-0.748,-7.392,-2.6020000000000003,4.79,-6.550597653046144,
290,Jake Meyers,HOU,45,8,RIGHT,163,146,38,20,6,28,10,3,0,0.26,CF,-3.082,-1.541,-2.1,-0.644,-0.03,-7.397,-2.607,4.79,-6.56318527344016,
291,Mitch Moreland,BOS| SDN| OAK,81,4,LEFT,252,229,52,28,10,30,18,0,0,0.227,DH,-2.64,-1.152,-2.004,-1.0,-0.628,-7.424,-4.5635,2.8605,-11.488721133618784,
292,Chad Pinder,OAK,74,5,RIGHT,233,214,52,30,6,27,16,1,0,0.243,RF,-2.53,-1.541,-2.148,-0.881,-0.327,-7.427,-2.6369999999999996,4.79,-6.638710995804257,
293,Nick Gordon,MIN| MIA,68,7,LEFT,216,200,48,18,4,23,12,10,1,0.24,CF,-3.192,-1.735,-2.341,0.187,-0.351,-7.433,-2.643,4.79,-6.653816140277077,
294,Manny Pina,MIL| ATL| OAK,73,8,RIGHT,208,180,34,27,13,33,22,0,0,0.189,CC,-2.695,-0.86,-1.859,-1.0,-1.018,-7.434,0.8749999999999991,8.309,2.2028335689528706,
295,Ryan Jeffers,MIN,83,8,RIGHT,293,267,53,28,14,35,22,0,1,0.199,CC,-2.64,-0.763,-1.763,-1.0,-1.315,-7.481,0.8279999999999994,8.309,2.084509937249117,
296,Adam Eaton,WAS| ANA| CHA,78,2,LEFT,288,254,51,38,6,30,22,3,0,0.201,RF,-2.088,-1.541,-2.004,-0.644,-1.206,-7.483,-2.6929999999999996,4.79,-6.779692344217241,
297,Jon Berti,CHN| MIA| NYA,85,8,RIGHT,271,233,49,35,4,19,32,8,4,0.21,3B| 2B,-2.254,-1.735,-2.534,-0.051,-0.937,-7.51,-2.7199999999999998,4.79,-6.84766549434493,
298,Tom Murphy,SEA| SFN,95,8,RIGHT,325,277,56,33,11,34,40,0,0,0.202,CC,-2.364,-1.055,-1.811,-1.0,-1.286,-7.517,0.7919999999999989,8.309,1.9938790704121976,
299,Guillermo Heredia,NYN| PIT| ATL,105,8,RIGHT,347,305,67,45,5,26,32,0,0,0.22,CF| LF,-1.702,-1.638,-2.196,-1.0,-1.009,-7.545,-2.755,4.79,-6.9357788371030455,
300,Tommy La Stella,ANA| OAK| SFN| SEA,76,1,LEFT,242,220,55,26,7,27,18,0,0,0.25,2B,-2.751,-1.444,-2.148,-1.0,-0.218,-7.561,-3.4850000000000003,4.076,-8.773571414629442,
301,Oscar Mercado,CLE| PHI| SLN,70,6,RIGHT,238,214,48,27,6,19,21,7,1,0.224,LF| RF,-2.695,-1.541,-2.534,-0.169,-0.632,-7.571,-2.7809999999999997,4.79,-7.00123446315193,
302,Josh Naylor,ARI| SEA| CLE| SDN,68,6,LEFT,250,233,59,28,7,21,14,1,0,0.253,RF,-2.64,-1.444,-2.437,-0.881,-0.174,-7.576,-2.7859999999999996,4.79,-7.013822083545946,
303,Anthony Rendon,ANA,58,3,RIGHT,249,217,52,24,6,34,29,0,0,0.24,3B,-2.861,-1.541,-1.811,-1.0,-0.387,-7.6,-2.8099999999999996,4.79,-7.074242661437225,
304,Hanser Alberto,BAL| KCA| LAN| CHA,96,8,RIGHT,255,241,65,24,2,24,4,3,1,0.27,3B| 2B,-2.861,-1.93,-2.293,-0.644,0.124,-7.604,-2.814,4.79,-7.084312757752439,
305,Brandon Marsh,PHI| ANA,67,7,LEFT,260,236,60,27,2,19,20,6,1,0.254,CF,-2.695,-1.93,-2.534,-0.288,-0.158,-7.604,-2.814,4.79,-7.084312757752439,
306,Ha-Seong Kim,ATL| TBA| SDN,114,9,RIGHT,298,267,54,25,8,34,22,5,1,0.202,2B| SS| 3B,-2.806,-1.347,-1.811,-0.407,-1.238,-7.608,-2.8179999999999996,4.79,-7.094382854067652,
307,Wilmer Difo,WAS| PIT| ARI,115,9,SWITCH,240,219,59,25,4,24,20,1,0,0.269,2B,-2.806,-1.735,-2.293,-0.881,0.108,-7.608,-3.532,4.076,-8.891895046333197,
308,Charlie Culberson,ATL| TEX,86,8,RIGHT,271,247,60,23,5,22,17,6,1,0.243,3B,-2.916,-1.638,-2.389,-0.288,-0.378,-7.61,-2.8200000000000003,4.79,-7.09941790222526,
309,Joshua Fuentes,COL,92,7,RIGHT,284,271,61,30,7,33,12,0,0,0.225,3B| 1B,-2.53,-1.444,-1.859,-1.0,-0.784,-7.617,-2.827,4.79,-7.117040570776882,
310,Lewis Brinson,MIA| SFN,83,5,RIGHT,290,274,62,23,9,33,13,1,1,0.226,LF| CF,-2.916,-1.249,-1.859,-0.881,-0.768,-7.674,-2.8840000000000003,4.79,-7.26053944326867,
311,Cavan Biggio,KCA| TOR| ATL| LAN,74,6,LEFT,294,250,56,27,7,27,37,3,1,0.224,3B,-2.695,-1.444,-2.148,-0.644,-0.744,-7.676,-2.886,4.79,-7.265574491426276,
312,Christian Arroyo,BOS| CLE,55,7,RIGHT,181,164,43,21,6,25,8,1,0,0.262,2B,-3.027,-1.541,-2.245,-0.881,-0.01,-7.703,-3.6270000000000007,4.076,-9.13105983381951,
313,Jordan Luplow,CLE| TBA| ARI| MIN| TOR,60,2,RIGHT,193,163,33,23,11,28,28,1,2,0.202,CF,-2.916,-1.055,-2.1,-0.881,-0.753,-7.706,-2.9160000000000004,4.79,-7.341100213790375,
314,Josh VanMeter,ARI| CIN| PIT,111,9,LEFT,310,274,58,26,6,36,33,3,2,0.212,2B| 3B,-2.751,-1.541,-1.715,-0.644,-1.073,-7.724,-2.934,4.79,-7.386415647208834,
315,Yoshi Tsutsugo,TBA| LAN| PIT,81,2,LEFT,262,230,50,27,8,32,29,0,1,0.217,1B| RF,-2.695,-1.347,-1.908,-1.0,-0.801,-7.75,-2.96,4.79,-7.451871273257718,
316,J. D. Davis,ANA| NYN| SFN| NYA| OAK,72,6,RIGHT,211,179,51,18,5,23,24,1,0,0.285,3B,-3.192,-1.638,-2.341,-0.881,0.3,-7.753,-2.963,4.79,-7.459423845494129,
317,Dom Nunez,CLE| COL,79,8,LEFT,263,228,43,31,10,33,34,0,0,0.189,CC,-2.475,-1.152,-1.859,-1.0,-1.295,-7.781,0.5279999999999996,8.309,1.3292527136081325,
318,Bryan De La Cruz,ATL| MIA| PIT,56,3,RIGHT,219,199,59,17,5,19,18,1,1,0.296,CF| RF,-3.248,-1.638,-2.534,-0.881,0.509,-7.792,-3.002,4.79,-7.557607284567456,
319,Willie Calhoun,TEX| SFN| NYA| ANA,74,1,LEFT,284,260,65,26,6,25,21,0,2,0.25,DH| LF,-2.751,-1.541,-2.245,-1.0,-0.258,-7.794,-3.0039999999999996,4.79,-7.562642332725062,
320,Dan Vogelbach,MIL| SEA| TOR| NYN| PIT,93,2,LEFT,258,215,47,30,9,24,43,0,0,0.219,1B,-2.53,-1.249,-2.293,-1.0,-0.728,-7.8,-3.9859999999999998,3.814,-10.034850978109887,
321,Andres Gimenez,TOR| NYN| CLE,63,9,LEFT,210,188,41,21,5,16,11,10,0,0.218,SS| 2B,-3.027,-1.638,-2.678,0.187,-0.644,-7.801,-3.112,4.689,-7.834534933235818,
322,Trevor Larnach,MIN,79,3,LEFT,301,260,58,29,7,28,31,1,0,0.223,LF| RF,-2.585,-1.444,-2.1,-0.881,-0.792,-7.802,-3.0119999999999996,4.79,-7.582782525355488,
323,Thairo Estrada,COL| NYA| SFN,47,8,RIGHT,132,121,33,17,7,22,9,1,0,0.273,,-3.248,-1.444,-2.389,-0.881,0.09,-7.872,-7.872,0.0,-19.817949548339445,
324,Cody Bellinger,NYA| LAN| CHN,93,4,LEFT,350,315,52,39,10,36,31,3,1,0.165,CF,-2.033,-1.152,-1.715,-0.644,-2.355,-7.899,-3.109,4.79,-7.826982360999408,
325,Ryan O'Hearn,BAL| SDN| KCA,83,6,LEFT,254,236,53,23,9,29,13,0,0,0.225,DH| RF,-2.916,-1.249,-2.052,-1.0,-0.692,-7.91,-3.12,4.79,-7.854675125866244,
326,David Bote,CHN,97,7,RIGHT,327,291,58,32,8,35,27,0,1,0.199,2B| 3B,-2.419,-1.347,-1.763,-1.0,-1.415,-7.944,-3.154,4.79,-7.9402709445455555,
327,Luis Garcia,WAS,69,8,LEFT,247,236,57,28,6,22,11,0,2,0.242,2B,-2.64,-1.541,-2.389,-1.0,-0.387,-7.957,-3.8810000000000002,4.076,-9.770510949835543,
328,Travis Shaw,TOR| BOS| MIL,81,4,LEFT,250,220,44,20,9,39,24,0,0,0.2,3B| 1B,-3.082,-1.249,-1.57,-1.0,-1.058,-7.96,-3.17,4.79,-7.980551329806408,
329,Jose Trevino,CIN| TEX| NYA,84,9,RIGHT,302,285,68,23,5,30,12,1,1,0.239,CC,-2.916,-1.638,-2.004,-0.881,-0.531,-7.97,0.3389999999999995,8.309,0.8534406627143118,
330,Billy McKinney,TEX| TOR| LAN| MIL| NYN| OAK| NYA| PIT,115,9,LEFT,300,265,51,32,9,27,32,2,0,0.192,LF| RF,-2.419,-1.249,-2.148,-0.763,-1.427,-8.007,-3.2169999999999996,4.79,-8.09887496151016,
331,Jonah Heim,TEX| OAK,78,9,SWITCH,285,265,52,22,10,32,15,3,1,0.196,CC,-2.971,-1.152,-1.908,-0.644,-1.351,-8.026,0.2829999999999995,8.309,0.7124593143013278,
332,Alejandro Kirk,TOR,58,6,RIGHT,189,165,40,19,8,24,19,0,0,0.242,CC,-3.137,-1.347,-2.293,-1.0,-0.259,-8.035,0.27399999999999913,8.309,0.6898015975920975,
333,Andrelton Simmons,ANA| MIN| CHN,130,9,RIGHT,451,412,92,37,3,31,32,1,0,0.223,SS,-2.143,-1.833,-1.956,-0.881,-1.248,-8.061,-3.372,4.689,-8.48909119372467,
334,Jason Castro,ANA| SDN| HOU,64,9,LEFT,179,149,35,22,8,21,25,0,0,0.235,CC,-2.971,-1.347,-2.437,-1.0,-0.319,-8.075,0.23399999999999999,8.309,0.5891006344399683,
335,Aristides Aquino,CIN,83,9,RIGHT,204,174,33,24,10,23,27,2,2,0.19,RF| LF,-2.861,-1.152,-2.341,-0.763,-0.974,-8.091,-3.3009999999999993,4.79,-8.310346984129636,
336,Victor Robles,SEA| WAS,105,8,RIGHT,369,315,64,37,2,19,33,8,6,0.203,CF,-2.143,-1.93,-2.534,-0.051,-1.438,-8.096,-3.306,4.79,-8.322934604523654,
337,Jorge Mateo,BAL| SDN,81,9,RIGHT,209,194,48,18,4,14,9,7,3,0.247,,-3.192,-1.735,-2.774,-0.169,-0.23,-8.102,-8.102,0.0,-20.396980086464204,
338,Jo Adell,ANA,35,5,RIGHT,140,130,32,17,4,26,8,2,1,0.246,LF,-3.248,-1.735,-2.196,-0.763,-0.167,-8.109,-3.319,4.79,-8.355662417548098,
339,Jake Marisnick,NYN| CHN| SDN| PIT| CHA| DET| LAN,88,9,RIGHT,198,176,38,21,5,24,11,4,1,0.216,CF,-3.027,-1.638,-2.293,-0.525,-0.633,-8.116,-3.3259999999999996,4.79,-8.373285086099719,
340,Derek Hill,CHA| MIA| DET| WAS| SFN| TEX,45,9,RIGHT,150,139,36,18,3,14,10,6,3,0.259,CF,-3.192,-1.833,-2.774,-0.288,-0.042,-8.13,-3.3400000000000007,4.79,-8.408530423202969,
341,Austin Barnes,LAN,77,8,RIGHT,225,200,43,28,6,23,20,1,0,0.215,CC,-2.64,-1.541,-2.341,-0.881,-0.733,-8.136,0.17300000000000004,8.309,0.43553166563296813,
342,Zach McKinstry,DET| LAN| CHN,58,8,LEFT,172,158,34,18,7,29,10,1,1,0.215,2B| RF,-3.192,-1.444,-2.052,-0.881,-0.577,-8.146,-3.3560000000000008,4.79,-8.44881080846382,
343,Austin Nola,COL| SDN| SEA,53,7,RIGHT,194,173,47,15,2,29,14,0,1,0.272,CC,-3.358,-1.93,-2.052,-1.0,0.115,-8.225,0.08399999999999963,8.309,0.21147202261947487,
344,Nico Hoerner,CHN,44,8,RIGHT,170,149,45,13,0,16,17,5,3,0.302,2B,-3.468,-2.124,-2.678,-0.407,0.444,-8.233,-4.157000000000001,4.076,-10.465347595585252,
345,Tyler Wade,SDN| NYA| ANA| OAK,59,9,LEFT,145,127,34,19,0,5,16,10,5,0.268,3B| SS,-3.137,-2.124,-3.208,0.187,0.046,-8.236,-3.4460000000000006,4.79,-8.675387975556117,
346,Austin Hedges,CLE| SDN| PIT| TEX,88,8,RIGHT,312,286,51,32,10,31,15,1,0,0.178,CC,-2.419,-1.152,-1.956,-0.881,-1.849,-8.257,0.0519999999999996,8.309,0.13091125209776974,
347,Martin Maldonado,SDN| HOU| CHA,120,9,RIGHT,426,373,64,39,12,36,47,0,0,0.172,CC,-2.033,-0.958,-1.715,-1.0,-2.603,-8.309,0.0,8.309,0.0,
348,Marwin Gonzalez,MIN| BOS| HOU| NYA,89,7,SWITCH,307,276,55,29,5,28,20,3,2,0.199,2B,-2.585,-1.638,-2.1,-0.644,-1.343,-8.31,-4.234000000000001,4.076,-10.659196949653104,
349,Travis d'Arnaud,ANA| ATL,60,5,RIGHT,229,209,46,21,7,26,17,0,0,0.22,CC,-3.027,-1.444,-2.196,-1.0,-0.684,-8.351,-0.04200000000000159,8.309,-0.1057360113097419,
350,Max Schrock,SLN| CIN,50,9,LEFT,134,125,36,19,3,14,8,1,1,0.288,LF,-3.137,-1.833,-2.774,-0.881,0.239,-8.387,-3.5970000000000004,4.79,-9.055534111455412,
351,Marcell Ozuna,ATL,48,3,RIGHT,208,188,40,21,7,26,19,0,0,0.213,LF,-3.027,-1.444,-2.196,-1.0,-0.721,-8.388,-3.598,4.79,-9.058051635534213,
352,Zack Collins,CHA| PIT| TOR| CLE,75,9,LEFT,231,195,41,25,4,26,34,1,1,0.21,CC,-2.806,-1.735,-2.196,-0.881,-0.785,-8.404,-0.09500000000000064,8.309,-0.23916478748631353,
353,Mauricio Dubon,HOU| SFN,67,8,RIGHT,187,175,42,18,5,22,9,1,1,0.24,CF| SS,-3.192,-1.638,-2.389,-0.881,-0.307,-8.408,-3.6179999999999994,4.79,-9.108402117110277,
354,Jake Bauers,MIL| CLE| SEA| NYA,112,7,LEFT,315,282,59,27,4,19,30,6,1,0.209,1B| RF| LF,-2.695,-1.735,-2.534,-0.288,-1.158,-8.41,-3.62,4.79,-9.113437165267886,
355,William Contreras,MIL| ATL,51,7,RIGHT,185,163,35,19,8,23,19,0,0,0.215,CC,-3.137,-1.347,-2.341,-1.0,-0.601,-8.425,-0.11600000000000144,8.309,-0.29203279314118447,
356,Travis Jankowski,CHA| NYN| TBA| CIN| PHI| SEA| TEX,66,9,LEFT,157,131,33,22,1,10,22,5,0,0.252,CF,-2.971,-2.027,-2.967,-0.407,-0.111,-8.483,-3.6930000000000005,4.79,-9.297216423020526,
357,Kyle Higashioka,TEX| NYA| SDN,64,8,RIGHT,211,193,35,20,10,29,17,0,0,0.181,CC,-3.082,-1.152,-2.052,-1.0,-1.203,-8.489,-0.1800000000000015,8.309,-0.4531543341845948,
358,Jake Rogers,DET,37,9,RIGHT,127,113,27,17,6,17,11,1,0,0.239,CC,-3.248,-1.541,-2.63,-0.881,-0.207,-8.507,-0.1980000000000004,8.309,-0.4984697676030511,
359,Sergio Alcantara,SFN| DET| CHN| ARI| SDN,84,8,SWITCH,255,220,45,28,5,17,30,3,0,0.205,2B| SS,-2.64,-1.638,-2.63,-0.644,-0.982,-8.534,-3.8450000000000006,4.689,-9.679880082998626,
360,Jake Lamb,ARI| OAK| CHA| TOR| LAN| SEA| ANA,54,7,LEFT,170,144,28,25,7,19,22,0,0,0.194,,-2.806,-1.444,-2.534,-1.0,-0.754,-8.537,-8.537,0.0,-21.49210306074363,
361,Andrew Stevenson,WAS| MIN,101,9,LEFT,213,192,44,18,5,23,13,1,1,0.229,LF| CF,-3.192,-1.638,-2.341,-0.881,-0.496,-8.549,-3.7589999999999995,4.79,-9.46337301222154,
362,Willians Astudillo,MIN| MIA,70,7,RIGHT,216,208,49,17,7,21,3,0,0,0.236,3B| 1B,-3.248,-1.444,-2.437,-1.0,-0.435,-8.564,-3.774,4.79,-9.501135873403591,
363,Billy Hamilton,CHN| NYN| CHA| MIA| MIN,61,8,SWITCH,135,127,28,19,2,11,4,7,0,0.22,CF,-3.137,-1.93,-2.919,-0.169,-0.412,-8.567,-3.777,4.79,-9.50868844564,
364,Jose Peraza,BOS| NYN,63,9,RIGHT,154,142,29,21,6,20,9,1,0,0.204,2B,-3.027,-1.541,-2.485,-0.881,-0.637,-8.571,-4.495,4.076,-11.316270734220758,
365,Jose Rojas,ANA,58,6,LEFT,184,168,35,24,6,15,15,2,1,0.208,RF,-2.861,-1.541,-2.726,-0.763,-0.701,-8.592,-3.8020000000000005,4.79,-9.571626547610084,
366,Brent Rooker,ATH| MIN| KCA| SDN| OAK,58,2,RIGHT,213,189,38,25,9,16,15,0,0,0.201,LF,-2.806,-1.249,-2.678,-1.0,-0.894,-8.627,-3.8370000000000006,4.79,-9.6597398903682,
367,Kevin Plawecki,BOS| TEX,58,7,RIGHT,173,157,45,15,3,15,12,0,0,0.287,CC,-3.358,-1.833,-2.726,-1.0,0.283,-8.633,-0.32399999999999984,8.309,-0.8156778015322634,
368,Stephen Vogt,ARI| ATL| OAK,78,8,LEFT,238,210,41,24,7,25,26,0,0,0.195,CC,-2.861,-1.444,-2.245,-1.0,-1.086,-8.636,-0.32699999999999996,8.309,-0.8232303737686736,
369,Miguel Andujar,ATH| CIN| NYA| PIT| OAK,44,7,RIGHT,162,154,39,19,6,12,7,0,1,0.253,LF,-3.137,-1.541,-2.871,-1.0,-0.114,-8.663,-3.873,4.79,-9.750370757205117,
370,Abraham Almonte,SDN| ATL| BOS| NYN,63,9,SWITCH,175,148,32,20,5,19,26,1,1,0.216,LF,-3.082,-1.638,-2.534,-0.881,-0.528,-8.663,-3.873,4.79,-9.750370757205117,
371,Anthony Alford,PIT| TOR,49,9,RIGHT,148,133,31,14,5,11,12,5,6,0.233,LF,-3.413,-1.638,-2.919,-0.407,-0.304,-8.68,-3.8899999999999997,4.79,-9.793168666544771,
372,Brock Holt,MIL| WAS| TEX,76,8,LEFT,260,235,49,21,2,23,23,5,1,0.209,3B,-3.027,-1.93,-2.341,-0.407,-0.977,-8.682,-3.8920000000000003,4.79,-9.79820371470238,
373,Carter Kieboom,ANA| WAS,62,6,RIGHT,249,217,45,26,6,20,25,0,0,0.207,3B,-2.751,-1.541,-2.485,-1.0,-0.921,-8.698,-3.9080000000000004,4.79,-9.838484099963232,
374,Curt Casali,CIN| SFN| SEA,75,8,RIGHT,231,200,42,20,5,26,26,0,0,0.21,CC,-3.082,-1.638,-2.196,-1.0,-0.809,-8.726,-0.4170000000000016,8.309,-1.049807540860973,
375,Mike Moustakas,CIN| ANA| COL,62,5,LEFT,206,183,38,21,6,22,18,0,0,0.208,3B,-3.027,-1.541,-2.389,-1.0,-0.773,-8.73,-3.9400000000000004,4.79,-9.919044870484937,
376,Lars Nootbaar,SLN,56,9,LEFT,124,109,26,14,5,15,13,2,1,0.239,RF,-3.413,-1.638,-2.726,-0.763,-0.203,-8.744,-3.9539999999999997,4.79,-9.954290207588182,
377,Daz Cameron,MIL| DET| OAK,33,6,RIGHT,115,103,20,15,4,13,10,6,0,0.194,,-3.358,-1.735,-2.822,-0.288,-0.541,-8.745,-8.745,0.0,-22.015748069134712,
378,Kole Calhoun,ARI| TEX| CLE,51,2,LEFT,182,166,39,17,5,17,15,1,0,0.235,RF,-3.248,-1.638,-2.63,-0.881,-0.355,-8.752,-3.9620000000000006,4.79,-9.97443040021861,
379,Luis Rengifo,ANA,53,8,SWITCH,190,174,35,22,6,18,9,1,0,0.201,SS,-2.971,-1.541,-2.582,-0.881,-0.821,-8.797,-4.1080000000000005,4.689,-10.341988915723888,
380,Jackie Bradley,BOS| MIL| TOR| KCA,128,8,LEFT,428,387,63,38,6,29,28,7,1,0.163,CF,-2.088,-1.541,-2.052,-0.169,-2.961,-8.811,-4.021,4.79,-10.122964320868002,
381,Nick Maton,CHA| PHI| DET| BAL,47,8,LEFT,131,117,30,16,2,14,10,2,0,0.256,,-3.303,-1.93,-2.774,-0.763,-0.059,-8.828,-8.828,0.0,-22.224702567675383,
382,Taylor Trammell,HOU| SEA| LAN| NYA,50,7,LEFT,178,156,25,23,8,18,17,2,3,0.16,CF,-2.916,-1.347,-2.582,-0.763,-1.224,-8.831,-4.0409999999999995,4.79,-10.173314802444066,
383,Josh Reddick,HOU| ARI,54,6,LEFT,158,151,39,14,2,21,6,0,0,0.258,RF,-3.413,-1.93,-2.437,-1.0,-0.054,-8.835,-4.045000000000001,4.79,-10.183384898759282,
384,Yonny Hernandez,TEX| ARI| LAN,42,9,SWITCH,166,143,31,15,0,6,17,11,2,0.217,3B,-3.358,-2.124,-3.16,0.305,-0.504,-8.841,-4.050999999999999,4.79,-10.198490043232098,
385,Kyle Lewis,SEA| ARI,36,4,RIGHT,147,130,32,15,5,11,16,2,0,0.246,CF,-3.358,-1.638,-2.919,-0.763,-0.167,-8.845,-4.055000000000001,4.79,-10.208560139547316,
386,Wilson Ramos,NYN| CLE| DET,43,7,RIGHT,163,151,31,15,8,20,9,0,0,0.205,CC,-3.358,-1.347,-2.485,-1.0,-0.665,-8.855,-0.5460000000000012,8.309,-1.3745681470265956,
387,Mike Brosseau,TBA| MIL,55,5,RIGHT,169,150,28,21,5,18,15,2,0,0.187,3B| 2B,-3.027,-1.638,-2.582,-0.763,-0.874,-8.883,-4.092999999999999,4.79,-10.304226054541836,
388,Jason Martin,PIT| TEX,54,9,LEFT,154,144,30,13,6,17,8,3,1,0.208,LF,-3.468,-1.541,-2.63,-0.644,-0.601,-8.884,-4.094,4.79,-10.306743578620642,
389,Erik Gonzalez,PIT| MIA,71,5,RIGHT,229,220,51,17,2,21,8,2,2,0.232,3B,-3.248,-1.93,-2.437,-0.763,-0.523,-8.901,-4.111,4.79,-10.349541487960296,
390,Eli White,ATL| TEX,61,2,RIGHT,220,198,35,25,6,15,18,4,3,0.177,CF| LF,-2.806,-1.541,-2.726,-0.525,-1.303,-8.902,-4.111999999999999,4.79,-10.3520590120391,
391,Rob Refsnyder,BOS| TEX| MIN,46,8,RIGHT,157,139,34,21,2,12,17,1,0,0.245,CF,-3.027,-1.93,-2.871,-0.881,-0.195,-8.904,-4.114,4.79,-10.357094060196708,
392,Edward Olivares,KCA| SDN| PIT,35,8,RIGHT,111,101,24,13,5,12,5,2,2,0.238,,-3.468,-1.638,-2.871,-0.763,-0.196,-8.935,-8.935,0.0,-22.49407764410734,
393,Kelvin Gutierrez,KCA| BAL,81,8,RIGHT,295,272,63,22,3,20,19,0,1,0.232,3B,-2.971,-1.833,-2.485,-1.0,-0.651,-8.941,-4.151000000000001,4.79,-10.45024245111243,
394,Kyle Garlick,PHI| MIN,33,1,RIGHT,107,99,23,16,5,10,6,1,0,0.232,,-3.303,-1.638,-2.967,-0.881,-0.232,-9.021,-9.021,0.0,-22.710584714884423,
395,Eric Sogard,MIL| CHN,77,9,LEFT,180,169,42,16,1,12,9,3,1,0.249,2B,-3.303,-2.027,-2.871,-0.644,-0.187,-9.031,-4.955000000000001,4.076,-12.474331810470272,
396,David Dahl,COL| TEX| SDN| PHI,62,6,LEFT,220,205,43,19,4,18,10,2,1,0.21,LF,-3.137,-1.735,-2.582,-0.763,-0.833,-9.05,-4.260000000000001,4.79,-10.724652575701988,
397,Phillip Evans,PIT,76,9,RIGHT,247,214,44,23,5,16,28,1,0,0.206,1B,-2.916,-1.638,-2.678,-0.881,-0.937,-9.051,-5.237,3.814,-13.184273600692794,
398,Lewin Diaz,MIA,40,5,LEFT,128,122,25,15,8,13,6,0,0,0.205,1B,-3.358,-1.347,-2.822,-1.0,-0.541,-9.068,-5.254,3.814,-13.227071510032449,
399,Matt Vierling,DET| PHI,34,9,RIGHT,77,71,23,11,2,6,4,2,0,0.324,,-3.579,-1.93,-3.16,-0.763,0.331,-9.1,-9.1,0.0,-22.90946911710988,
400,Robinson Chirinos,NYN| TEX| CHN| BAL,45,9,RIGHT,112,97,22,13,5,15,9,0,0,0.227,CC,-3.468,-1.638,-2.726,-1.0,-0.268,-9.101,-0.7920000000000016,8.309,-1.9938790704122045,
401,Andrew Young,ARI,55,9,RIGHT,104,91,19,13,6,15,6,0,0,0.209,,-3.468,-1.541,-2.726,-1.0,-0.377,-9.112,-9.112,0.0,-22.939679406055518,
402,Jose Siri,NYN| HOU| TBA,16,8,RIGHT,49,46,14,8,4,9,1,2,1,0.304,,-3.745,-1.735,-3.015,-0.763,0.145,-9.112,-9.112,0.0,-22.939679406055518,
403,Kurt Suzuki,WAS| ANA,70,8,RIGHT,247,219,49,17,6,16,12,0,0,0.224,CC,-3.248,-1.541,-2.678,-1.0,-0.656,-9.123,-0.8140000000000001,8.309,-2.049264600145873,
404,Reese McGuire,CHN| TOR| BOS| CHA,72,9,LEFT,217,198,50,22,1,10,15,0,0,0.253,CC,-2.971,-2.027,-2.967,-1.0,-0.158,-9.124,-0.8150000000000013,8.309,-2.051782124224679,
405,Keibert Ruiz,WAS| LAN,28,6,SWITCH,96,88,24,10,3,15,6,0,0,0.273,CC,-3.634,-1.833,-2.726,-1.0,0.066,-9.127,-0.8180000000000014,8.309,-2.0593346964610895,
406,Magneuris Sierra,MIA| ANA,101,9,LEFT,225,209,48,19,0,5,15,7,0,0.23,CF,-3.137,-2.124,-3.208,-0.169,-0.532,-9.17,-4.38,4.79,-11.02675546515838,
407,Kyle Isbel,KCA,27,7,LEFT,83,76,21,15,1,7,7,2,0,0.276,,-3.358,-2.027,-3.111,-0.763,0.077,-9.182,-9.182,0.0,-23.11590609157175,
408,Stephen Piscotty,OAK,67,7,RIGHT,188,173,38,14,5,16,13,1,0,0.22,RF,-3.413,-1.638,-2.678,-0.881,-0.572,-9.183,-4.393,4.79,-11.059483278182823,
409,Michael Chavis,BOS| PIT| WAS,39,9,RIGHT,124,121,30,14,3,11,1,1,2,0.248,2B,-3.413,-1.833,-2.919,-0.881,-0.139,-9.185,-5.109000000000001,4.076,-12.862030518605977,
410,Owen Miller,COL| CLE| MIL,58,7,RIGHT,202,191,39,17,4,18,9,2,0,0.204,2B,-3.248,-1.735,-2.582,-0.763,-0.857,-9.185,-5.109000000000001,4.076,-12.862030518605977,
411,Danny Santana,TEX| BOS,36,1,SWITCH,127,116,21,12,5,14,10,4,2,0.181,,-3.524,-1.638,-2.774,-0.525,-0.726,-9.187,-9.187,0.0,-23.128493711965763,
412,Nick Senzel,CIN| CHA| WAS,35,1,RIGHT,124,111,28,17,1,8,12,2,5,0.252,CF,-3.248,-2.027,-3.063,-0.763,-0.091,-9.191,-4.401000000000001,4.79,-11.079623470813251,
413,Jose Rondon,SLN,62,9,RIGHT,90,80,21,11,3,9,8,2,0,0.263,,-3.579,-1.833,-3.015,-0.763,-0.003,-9.192,-9.192,0.0,-23.141081332359782,
414,Brandon Drury,TOR| NYN| CIN| SDN| ANA,51,9,RIGHT,88,84,23,7,4,14,3,0,0,0.274,,-3.8,-1.735,-2.774,-1.0,0.069,-9.24,-9.24,0.0,-23.26192248814234,
415,Shed Long,SEA,34,9,LEFT,121,111,22,13,4,17,9,1,0,0.198,LF,-3.468,-1.735,-2.63,-0.881,-0.549,-9.264,-4.473999999999999,4.79,-11.263402728565888,
416,Cole Tucker,PIT| COL| ANA,42,9,SWITCH,131,117,26,15,2,12,13,2,2,0.222,,-3.358,-1.93,-2.871,-0.763,-0.364,-9.285,-9.285,0.0,-23.375211071688486,
417,Clint Frazier,NYA| CHN| CHA,66,7,RIGHT,218,183,34,20,5,15,32,2,0,0.186,LF| RF,-3.082,-1.638,-2.726,-0.763,-1.079,-9.288,-4.498,4.79,-11.32382330645717,
418,Seby Zavala,CHA| ARI| SEA,35,9,RIGHT,104,93,17,15,5,15,6,0,0,0.183,CC,-3.358,-1.638,-2.726,-1.0,-0.569,-9.292,-0.9830000000000005,8.309,-2.474726169463629,
419,Pat Valaika,BAL,87,9,RIGHT,281,259,52,16,5,25,16,1,1,0.201,2B,-3.303,-1.638,-2.245,-0.881,-1.23,-9.297,-5.221000000000001,4.076,-13.143993215431944,
420,Taylor Walls,TBA,49,8,SWITCH,176,152,32,14,1,15,23,4,2,0.211,SS,-3.413,-2.027,-2.726,-0.525,-0.609,-9.301,-4.612,4.689,-11.610821051440743,
421,Tomas Nido,DET| NYN| CHN,53,8,RIGHT,161,153,34,16,3,13,5,1,0,0.222,CC,-3.303,-1.833,-2.822,-0.881,-0.476,-9.315,-1.0060000000000002,8.309,-2.5326292232761034,
422,Isan Diaz,MIA| DET| SFN,89,9,LEFT,278,238,46,25,4,17,34,1,1,0.193,2B| 3B,-2.806,-1.735,-2.63,-0.881,-1.267,-9.319,-4.529000000000001,4.79,-11.401866552900072,
423,Taylor Jones,HOU,32,7,RIGHT,108,102,25,11,2,16,4,0,0,0.245,,-3.579,-1.93,-2.678,-1.0,-0.139,-9.326,-9.326,0.0,-23.478429558919423,
424,Jarren Duran,BOS,31,2,LEFT,112,107,23,16,2,10,4,2,1,0.215,CF,-3.303,-1.93,-2.967,-0.763,-0.392,-9.355,-4.565,4.79,-11.49249741973699,
425,Danny Mendick,CHA| NYN,63,9,RIGHT,186,164,36,14,2,20,18,0,1,0.22,SS| 2B,-3.413,-1.93,-2.485,-1.0,-0.544,-9.373,-4.683999999999999,4.689,-11.792082785114577,
426,Trayce Thompson,CHN| LAN| SDN| CHA,12,5,RIGHT,35,28,7,6,4,9,7,2,0,0.25,,-3.855,-1.735,-3.015,-0.763,-0.028,-9.396,-9.396,0.0,-23.654656244435653,
427,Dustin Garneau,HOU| DET,19,8,RIGHT,68,62,13,9,6,11,3,0,0,0.21,,-3.689,-1.541,-2.919,-1.0,-0.252,-9.401,-9.401,0.0,-23.667243864829665,
428,Joe Panik,TOR| MIA,94,6,LEFT,257,236,49,17,3,18,17,2,0,0.208,2B| 3B,-3.248,-1.833,-2.582,-0.763,-0.997,-9.422,-4.632000000000001,4.79,-11.66117153301681,
429,Leody Taveras,SEA| TEX,48,9,SWITCH,185,174,28,14,3,9,9,10,1,0.161,CF,-3.413,-1.833,-3.015,0.187,-1.356,-9.43,-4.64,4.79,-11.681311725647234,
430,Zack Short,HOU| DET| ATL| BOS| NYN,56,8,RIGHT,184,156,22,18,6,20,22,2,0,0.141,SS,-3.192,-1.541,-2.485,-0.763,-1.453,-9.434,-4.744999999999999,4.689,-11.945651753921577,
431,Hoy Park,NYA| PIT,45,8,LEFT,150,128,25,16,3,14,18,1,1,0.195,,-3.303,-1.833,-2.774,-0.881,-0.661,-9.452,-9.452,0.0,-23.795637592848635,
432,Chris Owings,COL| BAL| PIT,21,9,RIGHT,50,43,14,9,1,5,7,2,1,0.326,,-3.689,-2.027,-3.208,-0.763,0.206,-9.481,-9.481,0.0,-23.86864579113393,
433,Gerardo Parra,WAS,51,9,LEFT,107,97,23,12,2,10,6,1,1,0.237,,-3.524,-1.93,-2.967,-0.881,-0.192,-9.493,-9.493,0.0,-23.898856080079568,
434,Ernie Clement,TOR| CLE| OAK,39,9,RIGHT,133,121,28,15,3,9,7,0,1,0.231,2B,-3.358,-1.833,-3.015,-1.0,-0.292,-9.497,-5.421,4.076,-13.6474980311926,
435,Breyvic Valera,TOR,35,8,SWITCH,97,87,22,7,1,15,8,1,0,0.253,3B,-3.8,-2.027,-2.726,-0.881,-0.067,-9.501,-4.710999999999999,4.79,-11.860055935242267,
436,John Nogowski,SLN| PIT,52,5,RIGHT,143,129,30,14,1,14,12,0,1,0.233,1B,-3.413,-2.027,-2.774,-1.0,-0.3,-9.514,-5.699999999999999,3.814,-14.349887249178714,
437,Emmanuel Rivera,BAL| KCA| ARI| MIA,27,8,RIGHT,98,90,23,13,1,5,8,2,0,0.256,3B,-3.468,-2.027,-3.208,-0.763,-0.051,-9.517,-4.726999999999999,4.79,-11.900336320503119,
438,Mike Tauchman,CHA| NYA| SFN| CHN,67,9,LEFT,191,166,30,19,4,15,23,1,3,0.181,LF,-3.137,-1.735,-2.726,-0.881,-1.043,-9.523,-4.733,4.79,-11.91544146497594,
439,Nomar Mazara,CHA| DET| SDN,50,5,LEFT,181,165,35,12,3,19,15,0,0,0.212,RF,-3.524,-1.833,-2.534,-1.0,-0.641,-9.531,-4.7410000000000005,4.79,-11.935581657606368,
440,Aaron Hicks,NYA| BAL| ANA,32,3,SWITCH,126,108,21,13,4,14,14,0,0,0.194,CF,-3.468,-1.735,-2.774,-1.0,-0.565,-9.543,-4.752999999999999,4.79,-11.965791946552004,
441,Andrew Velazquez,BAL| NYA| ANA,21,9,SWITCH,68,67,15,10,1,6,1,4,1,0.224,SS,-3.634,-2.027,-3.16,-0.525,-0.2,-9.546,-4.856999999999999,4.689,-12.227614450747545,
442,Jordy Mercer,DET| NYA| WAS,41,7,RIGHT,127,118,30,12,2,9,9,0,0,0.254,2B,-3.524,-1.93,-3.015,-1.0,-0.079,-9.547,-5.471000000000001,4.076,-13.773374235132765,
443,Greg Allen,BAL| CLE| SDN| NYA| PIT,15,9,SWITCH,48,37,10,9,0,2,5,5,0,0.27,,-3.689,-2.124,-3.352,-0.407,0.021,-9.552,-9.552,0.0,-24.04739000072896,
444,Nick Fortes,MIA| TBA,14,7,RIGHT,34,31,9,5,4,7,3,1,0,0.29,,-3.91,-1.735,-3.111,-0.881,0.065,-9.574,-9.574,0.0,-24.102775530462633,
445,Sam Haggerty,TEX| SEA,33,9,SWITCH,94,86,16,14,2,5,6,4,1,0.186,,-3.413,-1.93,-3.208,-0.525,-0.505,-9.581,-9.581,0.0,-24.120398199014257,
446,Austin Wynns,ATH| CIN| BAL| SFN| COL| LAN,42,9,RIGHT,139,130,24,14,4,14,8,1,0,0.185,CC,-3.413,-1.735,-2.774,-0.881,-0.778,-9.582,-1.2730000000000015,8.309,-3.2048081523165832,
447,Pablo Reyes,NYA| MIL| BOS| NYN,47,9,RIGHT,87,78,20,9,1,3,9,4,0,0.256,3B,-3.689,-2.027,-3.304,-0.525,-0.039,-9.585,-4.795000000000001,4.79,-12.071527957861745,
448,Keston Hiura,COL| MIL| ANA,59,7,RIGHT,197,173,29,16,4,19,14,2,0,0.168,1B,-3.303,-1.735,-2.534,-0.763,-1.26,-9.594,-5.779999999999999,3.814,-14.551289175482976,
449,Jake McCarthy,ARI,23,8,LEFT,70,59,13,11,2,4,8,3,1,0.22,,-3.579,-1.93,-3.256,-0.644,-0.192,-9.601,-9.601,0.0,-24.170748680590325,
450,Tres Barrera,WAS| SLN,29,8,RIGHT,107,91,24,8,2,10,12,0,0,0.264,CC,-3.745,-1.93,-2.967,-1.0,0.005,-9.636,-1.327,8.309,-3.340754452571957,
451,Roberto Perez,CLE| PIT| SFN,44,8,RIGHT,161,141,21,13,7,17,17,1,0,0.149,CC,-3.468,-1.444,-2.63,-0.881,-1.228,-9.651,-1.3420000000000005,8.309,-3.3785173137540077,
452,Jason Vosler,SFN| CIN| SEA,40,9,LEFT,82,73,13,11,3,9,7,2,0,0.178,,-3.579,-1.833,-3.015,-0.763,-0.473,-9.662,-9.662,0.0,-24.324317649397326,
453,Yohel Pozo,SLN| TEX,21,8,RIGHT,77,74,21,8,1,9,3,0,0,0.284,,-3.745,-2.027,-3.015,-1.0,0.118,-9.669,-9.669,0.0,-24.341940317948946,
454,Riley Adams,WAS| TOR,43,8,RIGHT,120,99,22,13,2,10,15,0,0,0.222,CC,-3.468,-1.93,-2.967,-1.0,-0.308,-9.673,-1.3640000000000008,8.309,-3.4339028434876804,
455,Orlando Arcia,ATL| COL| MIL,36,9,RIGHT,89,81,16,9,2,14,7,1,0,0.198,,-3.689,-1.93,-2.774,-0.881,-0.405,-9.68,-9.68,0.0,-24.36963308281578,
456,Ender Inciarte,ATL| NYN,38,8,LEFT,89,79,17,10,2,10,7,1,0,0.215,CF,-3.634,-1.93,-2.967,-0.881,-0.288,-9.701,-4.9110000000000005,4.79,-12.363560751002925,
457,Pablo Sandoval,ATL| SFN,68,9,SWITCH,86,73,13,11,4,11,11,0,0,0.178,,-3.579,-1.735,-2.919,-1.0,-0.473,-9.706,-9.706,0.0,-24.435088708864665,
458,Matt Carpenter,SLN| NYA| SDN,128,9,LEFT,249,207,35,18,3,21,35,2,0,0.169,2B,-3.192,-1.833,-2.437,-0.763,-1.484,-9.709,-5.633,4.076,-14.181213135898895,
459,John Hicks,TEX,9,5,RIGHT,31,31,8,6,4,7,0,0,0,0.258,,-3.855,-1.735,-3.111,-1.0,-0.012,-9.713,-9.713,0.0,-24.45271137741629,
460,Luis Guillorme,HOU| NYN| ANA| ARI| ATL,61,8,LEFT,156,132,35,12,1,5,23,0,2,0.265,3B,-3.524,-2.027,-3.208,-1.0,0.022,-9.737,-4.947,4.79,-12.454191617839843,
461,Jarrod Dyson,CHA| PIT| KCA| TOR,67,8,LEFT,149,135,28,9,0,10,10,5,3,0.207,RF| CF,-3.689,-2.124,-2.967,-0.407,-0.573,-9.76,-4.97,4.79,-12.512094671652317,
462,Shogo Akiyama,CIN,82,9,LEFT,183,162,33,16,0,12,14,2,3,0.204,CF,-3.303,-2.124,-2.871,-0.763,-0.733,-9.794,-5.0040000000000004,4.79,-12.597690490331631,
463,Daniel Johnson,BAL| SFN| CLE,27,7,LEFT,81,77,17,8,4,5,4,1,0,0.221,,-3.745,-1.735,-3.208,-0.881,-0.248,-9.817,-9.817,0.0,-24.714533881611832,
464,Rodolfo Castro,PIT| PHI,31,7,SWITCH,93,86,17,9,5,8,6,0,0,0.198,2B,-3.689,-1.638,-3.063,-1.0,-0.429,-9.82,-5.744000000000001,4.076,-14.46065830864606,
465,Khris Davis,OAK| TEX,42,6,RIGHT,114,102,21,11,3,10,10,0,0,0.206,DH,-3.579,-1.833,-2.967,-1.0,-0.445,-9.823,-6.9625,2.8605,-17.528261398667862,
466,Luke Williams,ATL| PHI| MIA| SFN| LAN,53,9,RIGHT,108,98,24,8,1,6,10,2,2,0.245,,-3.745,-2.027,-3.16,-0.763,-0.135,-9.829,-9.829,0.0,-24.744744170557475,
467,Rene Rivera,NYN| CLE| WAS,24,8,RIGHT,78,69,16,8,2,9,4,0,0,0.232,CC,-3.745,-1.93,-3.015,-1.0,-0.164,-9.853,-1.5440000000000005,8.309,-3.8870571776722707,
468,Tim Locastro,ARI| NYA| NYN,54,9,RIGHT,156,139,25,14,2,7,7,4,1,0.18,CF,-3.413,-1.93,-3.111,-0.525,-0.882,-9.862,-5.072,4.79,-12.768882127690253,
469,Jake Cave,MIN| PHI| COL,63,9,LEFT,178,164,31,13,3,13,10,1,1,0.189,LF| CF,-3.468,-1.833,-2.822,-0.881,-0.926,-9.931,-5.140999999999999,4.79,-12.942591289127677,
470,Cam Gallagher,KCA| CLE,43,8,RIGHT,124,112,28,9,1,7,8,0,0,0.25,CC,-3.689,-2.027,-3.111,-1.0,-0.111,-9.939,-1.6300000000000008,8.309,-4.103564248449354,
471,Michael Perez,TBA| PIT| NYN,69,8,LEFT,231,210,30,19,7,21,19,0,1,0.143,CC,-3.137,-1.444,-2.437,-1.0,-1.926,-9.944,-1.6350000000000016,8.309,-4.116151868843372,
472,Alfonso Rivas,CHN| PIT| SDN,18,6,LEFT,49,44,14,7,1,3,4,0,0,0.318,,-3.8,-2.027,-3.304,-1.0,0.185,-9.945,-9.945,0.0,-25.036776963698653,
473,Renato Nunez,BAL| DET,14,5,RIGHT,55,53,10,7,4,7,1,0,0,0.189,,-3.8,-1.735,-3.111,-1.0,-0.301,-9.947,-9.947,0.0,-25.04181201185626,
474,German Marquez,COL,28,9,RIGHT,60,53,14,5,1,9,0,0,0,0.264,,-3.91,-2.027,-3.015,-1.0,0.005,-9.948,-9.948,0.0,-25.044329535935063,
475,Ryan McKenna,BAL| SFN,65,6,RIGHT,197,169,31,15,2,14,24,1,0,0.183,LF,-3.358,-1.93,-2.774,-0.881,-1.027,-9.97,-5.180000000000001,4.79,-13.04077472820101,
476,Jonathan Arauz,BOS| BAL| NYN,26,9,SWITCH,75,65,12,9,3,8,8,0,0,0.185,,-3.689,-1.833,-3.063,-1.0,-0.389,-9.974,-9.974,0.0,-25.109785161983947,
477,Richie Martin,BAL,33,9,RIGHT,105,98,23,9,1,8,4,0,2,0.235,SS,-3.689,-2.027,-3.063,-1.0,-0.212,-9.991,-5.302,4.689,-13.347912665815008,
478,Jacob deGrom,TEX| NYN,15,9,LEFT,33,33,12,4,0,6,0,0,0,0.364,,-3.965,-2.124,-3.16,-1.0,0.254,-9.996,-9.996,0.0,-25.16517069171762,
479,Delino DeShields,CLE| CIN,23,8,RIGHT,58,47,12,3,1,6,9,2,1,0.255,,-4.021,-2.027,-3.16,-0.763,-0.027,-9.997,-9.997,0.0,-25.167688215796424,
480,TJ Friedl,CIN,14,9,LEFT,36,31,9,9,1,2,4,0,0,0.29,,-3.689,-2.027,-3.352,-1.0,0.065,-10.004,-10.004,0.0,-25.185310884348045,
481,Jose Marmolejos,SEA,41,4,LEFT,122,106,17,11,4,12,15,0,0,0.16,,-3.579,-1.735,-2.871,-1.0,-0.83,-10.015,-10.015,0.0,-25.213003649214883,
482,Michael Hermosillo,ANA| CHN,15,1,RIGHT,38,36,7,5,3,7,1,0,0,0.194,,-3.91,-1.833,-3.111,-1.0,-0.188,-10.043,-10.043,0.0,-25.283494323421372,
483,Donovan Walton,PHI| SEA| SFN,21,9,LEFT,69,63,13,6,2,7,4,1,0,0.206,,-3.855,-1.93,-3.111,-0.881,-0.272,-10.05,-10.05,0.0,-25.301116991973,
484,Aramis Garcia,ARI| OAK| CIN| PHI,31,9,RIGHT,94,88,18,8,3,7,1,0,0,0.205,CC,-3.745,-1.833,-3.111,-1.0,-0.393,-10.081,-1.7720000000000002,8.309,-4.461052667639419,
485,Grayson Greiner,DET| ARI,28,8,RIGHT,82,72,17,7,1,7,9,0,0,0.236,CC,-3.8,-2.027,-3.111,-1.0,-0.148,-10.086,-1.777000000000001,8.309,-4.473640288033437,
486,Max Fried,NYA| ATL,31,9,LEFT,67,55,15,7,0,5,4,0,0,0.273,,-3.8,-2.124,-3.208,-1.0,0.041,-10.091,-10.091,0.0,-25.40433547920393,
487,Sandy Leon,ATL| CLE| MIA| MIN| TEX,81,7,SWITCH,220,202,37,15,4,14,12,0,0,0.183,CC,-3.358,-1.735,-2.774,-1.0,-1.231,-10.099,-1.790000000000001,8.309,-4.5063681010578795,
488,Rio Ruiz,BAL| COL,59,9,LEFT,141,125,21,10,3,10,12,2,0,0.168,2B,-3.634,-1.833,-2.967,-0.763,-0.907,-10.103,-6.027,4.076,-15.17311762294739,
489,Brian O`Grady,TBA| SDN,32,9,LEFT,61,51,8,8,2,9,8,0,0,0.157,,-3.745,-1.93,-3.015,-1.0,-0.413,-10.103,-10.103,0.0,-25.434545768149572,
490,Austin Dean,SLN| SFN,22,9,RIGHT,38,30,7,5,1,7,6,0,0,0.233,,-3.91,-2.027,-3.111,-1.0,-0.068,-10.117,-10.117,0.0,-25.46979110525282,
491,Webster Rivas,SDN,22,8,RIGHT,77,68,15,8,2,4,8,0,0,0.221,CC,-3.745,-1.93,-3.256,-1.0,-0.22,-10.15,-1.841000000000001,8.309,-4.634761829076847,
492,Roman Quinn,PHI| TBA,25,8,SWITCH,62,52,9,7,0,2,6,4,3,0.173,,-3.8,-2.124,-3.352,-0.525,-0.357,-10.158,-10.158,0.0,-25.57300959248375,
493,Eddy Alvarez,MIA| LAN| NYN,23,8,LEFT,74,64,12,8,1,6,4,1,0,0.188,,-3.745,-2.027,-3.16,-0.881,-0.369,-10.181,-10.181,0.0,-25.630912646296224,
494,Luke Maile,KCA| MIL| CLE| CIN,13,8,RIGHT,34,30,9,6,0,3,3,0,0,0.3,,-3.855,-2.124,-3.304,-1.0,0.085,-10.198,-10.198,0.0,-25.673710555635886,
495,Huascar Ynoa,ATL,17,9,RIGHT,32,32,7,3,2,6,0,0,0,0.219,,-4.021,-1.93,-3.16,-1.0,-0.108,-10.218,-10.218,0.0,-25.72406103721195,
496,Franchy Cordero,KCA| BOS| NYA,48,9,LEFT,136,127,24,11,1,9,8,1,1,0.189,LF,-3.579,-2.027,-3.015,-0.881,-0.718,-10.22,-5.430000000000001,4.79,-13.67015574790183,
497,Justin Williams,SLN,50,8,LEFT,137,119,19,10,4,11,17,0,1,0.16,RF,-3.634,-1.735,-2.919,-1.0,-0.939,-10.227,-5.437,4.79,-13.687778416453453,
498,Jake Burger,TEX| CHA| MIA,15,6,RIGHT,42,38,10,5,1,3,4,0,0,0.263,,-3.91,-2.027,-3.304,-1.0,0.001,-10.241,-10.241,0.0,-25.781964091024424,
499,Henry Ramos,ARI| CIN,18,2,SWITCH,55,50,10,5,1,8,4,0,0,0.2,,-3.91,-2.027,-3.063,-1.0,-0.24,-10.241,-10.241,0.0,-25.781964091024424,
500,Jonathan Davis,TOR| NYA| MIL| MIA,36,9,RIGHT,103,87,11,14,1,4,12,3,1,0.126,CF,-3.413,-2.027,-3.256,-0.644,-0.907,-10.247,-5.457,4.79,-13.738128898029517,
501,Jacob Nottingham,MIL| SEA,15,8,RIGHT,45,40,6,5,3,6,2,0,0,0.15,,-3.91,-1.833,-3.16,-1.0,-0.345,-10.247,-10.247,0.0,-25.797069235497244,
502,Jose Devers,MIA,19,9,LEFT,46,41,10,6,0,5,3,0,0,0.244,,-3.855,-2.124,-3.208,-1.0,-0.06,-10.247,-10.247,0.0,-25.797069235497244,
503,Rafael Marchan,PHI,18,8,SWITCH,56,52,12,6,1,4,4,0,0,0.231,,-3.855,-2.027,-3.256,-1.0,-0.128,-10.266,-10.266,0.0,-25.844902192994507,
504,Alan Trejo,COL,26,9,RIGHT,50,46,10,7,1,3,3,0,0,0.217,,-3.8,-2.027,-3.304,-1.0,-0.16,-10.291,-10.291,0.0,-25.90784029496459,
505,Alex Blandino,CIN,41,9,RIGHT,82,70,14,8,0,5,8,1,0,0.2,,-3.745,-2.124,-3.208,-0.881,-0.337,-10.294,-10.294,0.0,-25.915392867201,
506,Julio Urias,LAN,30,9,LEFT,70,59,12,5,0,9,0,0,0,0.203,,-3.91,-2.124,-3.015,-1.0,-0.268,-10.318,-10.318,0.0,-25.975813445092275,
507,Nick Martini,COL| CHN| CIN,25,9,LEFT,45,37,10,4,0,4,6,0,1,0.27,,-3.965,-2.124,-3.256,-1.0,0.021,-10.325,-10.325,0.0,-25.9934361136439,
508,Andrew Knizner,SFN| SLN| TEX,60,8,RIGHT,185,161,28,18,1,9,20,0,0,0.174,CC,-3.192,-2.027,-3.015,-1.0,-1.095,-10.329,-2.0200000000000014,8.309,-5.085398639182635,
509,Isaac Paredes,HOU| DET| TBA| CHN,22,6,RIGHT,85,72,15,7,1,5,10,0,0,0.208,,-3.8,-2.027,-3.208,-1.0,-0.3,-10.335,-10.335,0.0,-26.018611354431936,
510,JaCoby Jones,DET,33,9,RIGHT,105,100,17,7,2,9,5,1,2,0.17,CF,-3.8,-1.93,-3.015,-0.881,-0.71,-10.336,-5.546,4.79,-13.96218854104301,
511,Ka'ai Tom,OAK| PIT| SFN,47,8,LEFT,133,108,15,10,2,12,17,1,0,0.139,LF,-3.634,-1.93,-2.871,-0.881,-1.023,-10.339,-5.549,4.79,-13.96974111327942,
512,Sheldon Neuse,LAN| OAK,30,9,RIGHT,66,65,11,5,3,4,1,1,1,0.169,,-3.91,-1.833,-3.256,-0.881,-0.465,-10.345,-10.345,0.0,-26.043786595219967,
513,Joshua Palacios,CHA| TOR| WAS| PIT,12,9,LEFT,42,35,7,7,0,4,3,0,0,0.2,,-3.8,-2.124,-3.256,-1.0,-0.168,-10.348,-10.348,0.0,-26.051339167456376,
514,Johneshwy Fargas,CHN| NYN,20,7,RIGHT,54,52,13,4,0,5,1,0,2,0.25,,-3.965,-2.124,-3.208,-1.0,-0.052,-10.349,-10.349,0.0,-26.05385669153518,
515,Austin Romine,DET| CHN| ANA| CIN| SLN,27,9,RIGHT,62,60,13,5,1,5,2,0,0,0.217,CC,-3.91,-2.027,-3.208,-1.0,-0.212,-10.357,-2.048,8.309,-5.155889313389125,
516,Daniel Robertson,SFN| MIL,44,9,RIGHT,90,73,12,10,2,4,12,0,0,0.164,3B,-3.634,-1.93,-3.256,-1.0,-0.55,-10.369,-5.579,4.79,-14.045266835643517,
517,Ben Rortvedt,LAN| TBA| MIN| NYA,36,8,LEFT,98,89,15,7,3,7,6,0,0,0.169,CC,-3.8,-1.833,-3.111,-1.0,-0.642,-10.386,-2.077,8.309,-5.228897511674419,
518,Logan Webb,SFN,25,9,RIGHT,53,46,6,7,1,7,2,0,0,0.13,,-3.8,-2.027,-3.111,-1.0,-0.466,-10.404,-10.404,0.0,-26.19232051586936,
519,Alex Jackson,BAL| ATL| MIA| MIL| TBA,50,7,RIGHT,151,131,18,13,3,12,13,0,0,0.137,CC,-3.468,-1.833,-2.871,-1.0,-1.256,-10.428,-2.1190000000000015,8.309,-5.334633522984161,
520,Wade Miley,CIN| CHN| MIL,28,9,LEFT,59,54,10,9,0,3,3,0,0,0.185,,-3.689,-2.124,-3.304,-1.0,-0.321,-10.438,-10.438,0.0,-26.277916334548674,
521,Alex Avila,MIN| WAS,34,7,LEFT,111,89,17,5,1,9,19,0,0,0.191,CC,-3.91,-2.027,-3.015,-1.0,-0.489,-10.441,-2.1320000000000014,8.309,-5.367361336008604,
522,Geraldo Perdomo,ARI,11,8,SWITCH,37,31,8,5,0,1,6,0,0,0.258,,-3.91,-2.124,-3.4,-1.0,-0.012,-10.446,-10.446,0.0,-26.298056527179096,
523,Adrian Sanchez,WAS,13,8,RIGHT,38,35,9,5,0,1,3,0,0,0.257,,-3.91,-2.124,-3.4,-1.0,-0.016,-10.45,-10.45,0.0,-26.30812662349431,
524,Will Craig,PIT,18,5,RIGHT,65,60,13,5,1,3,5,0,0,0.217,,-3.91,-2.027,-3.304,-1.0,-0.212,-10.453,-10.453,0.0,-26.31567919573072,
525,Andrew Romine,TEX| CHN,25,9,SWITCH,64,60,11,6,1,5,4,0,1,0.183,,-3.855,-2.027,-3.208,-1.0,-0.365,-10.455,-10.455,0.0,-26.32071424388833,
526,Romy Gonzalez,BOS| CHA,10,7,RIGHT,33,32,8,4,0,2,1,0,0,0.25,,-3.965,-2.124,-3.352,-1.0,-0.032,-10.474,-10.474,0.0,-26.36854720138559,
527,Patrick Mazeika,NYN,36,8,LEFT,87,79,15,6,1,6,4,0,0,0.19,CC,-3.855,-2.027,-3.16,-1.0,-0.441,-10.483,-2.1740000000000013,8.309,-5.473097347318341,
528,Colton Welker,COL,19,9,RIGHT,40,37,7,7,0,2,3,0,0,0.189,,-3.8,-2.124,-3.352,-1.0,-0.208,-10.485,-10.485,0.0,-26.396239966252423,
529,Mike Ford,NYA| ANA| ATL| SEA| SFN| CIN,22,6,LEFT,72,60,8,6,3,5,11,0,0,0.133,1B,-3.855,-1.833,-3.208,-1.0,-0.594,-10.489,-6.675000000000001,3.814,-16.80447322601192,
530,Cal Raleigh,SEA,45,9,SWITCH,148,139,25,6,2,13,7,0,0,0.18,CC,-3.855,-1.93,-2.822,-1.0,-0.882,-10.49,-2.181000000000001,8.309,-5.490720015869964,
531,Luke Raley,SEA| LAN| TBA,27,8,LEFT,72,66,12,5,2,4,2,0,0,0.182,,-3.91,-1.93,-3.256,-1.0,-0.409,-10.505,-10.505,0.0,-26.446590447828495,
532,Jose Barrero,SLN| CIN,21,7,RIGHT,56,50,10,4,0,3,3,1,0,0.2,,-3.965,-2.124,-3.304,-0.881,-0.24,-10.515,-10.515,0.0,-26.471765688616525,
533,Jared Oliva,PIT,17,8,RIGHT,43,40,7,3,0,2,3,2,0,0.175,,-4.021,-2.124,-3.352,-0.763,-0.269,-10.528,-10.528,0.0,-26.50449350164097,
534,Ildemaro Vargas,ARI| CHN| MIN| PIT| WAS,34,8,SWITCH,83,77,12,7,0,7,6,1,0,0.156,,-3.8,-2.124,-3.111,-0.881,-0.63,-10.547,-10.547,0.0,-26.552326459138232,
535,Andrew Knapp,PHI| PIT| SEA| SFN,56,7,SWITCH,159,145,22,13,2,11,10,0,0,0.152,CC,-3.468,-1.93,-2.919,-1.0,-1.232,-10.549,-2.24,8.309,-5.6392539365193555,
536,Kevin Gausman,TOR| SFN,31,9,LEFT,62,54,10,6,0,4,2,0,0,0.185,,-3.855,-2.124,-3.256,-1.0,-0.321,-10.556,-10.556,0.0,-26.574984175847458,
537,Tucupita Marcano,SDN| PIT,24,9,LEFT,50,44,8,6,0,3,6,0,1,0.182,,-3.855,-2.124,-3.304,-1.0,-0.273,-10.556,-10.556,0.0,-26.574984175847458,
538,Evan White,SEA,28,5,RIGHT,104,97,14,8,2,9,6,0,0,0.144,1B,-3.745,-1.93,-3.015,-1.0,-0.879,-10.568,-6.754,3.814,-17.003357628237374,
539,Wyatt Mathisen,ARI,22,5,RIGHT,51,42,5,3,1,8,5,0,0,0.119,,-4.021,-2.027,-3.063,-1.0,-0.462,-10.573,-10.573,0.0,-26.617782085187116,
540,Scott Heineman,TEX| CIN,18,9,RIGHT,34,30,3,4,2,3,3,0,0,0.1,,-3.965,-1.93,-3.304,-1.0,-0.373,-10.573,-10.573,0.0,-26.617782085187116,
541,Eric Lauer,TOR| MIL,22,9,RIGHT,37,26,4,2,1,4,3,0,0,0.154,,-4.076,-2.027,-3.256,-1.0,-0.217,-10.575,-10.575,0.0,-26.622817133344718,
542,Mason Williams,BAL| NYN,14,8,LEFT,37,33,7,3,1,1,4,0,1,0.212,,-4.021,-2.027,-3.4,-1.0,-0.128,-10.576,-10.576,0.0,-26.625334657423526,
543,Joe Ross,PHI| WAS| MIL,20,9,RIGHT,39,32,8,1,0,3,1,0,0,0.25,,-4.131,-2.124,-3.304,-1.0,-0.032,-10.591,-10.591,0.0,-26.66309751860557,
544,Kyle Freeland,COL,23,9,LEFT,40,33,6,3,0,4,2,0,0,0.182,,-4.021,-2.124,-3.256,-1.0,-0.205,-10.605,-10.605,0.0,-26.69834285570882,
545,Clayton Kershaw,LAN,19,9,LEFT,39,36,8,2,0,3,1,0,0,0.222,,-4.076,-2.124,-3.304,-1.0,-0.112,-10.616,-10.616,0.0,-26.726035620575654,
546,Mike Freeman,CLE| CIN,30,9,LEFT,65,59,11,4,0,3,5,1,1,0.186,,-3.965,-2.124,-3.304,-0.881,-0.345,-10.62,-10.62,0.0,-26.73610571689087,
547,Drew Ellis,ARI| SEA| PHI,28,7,RIGHT,83,69,9,9,1,5,10,0,0,0.13,,-3.689,-2.027,-3.208,-1.0,-0.698,-10.622,-10.622,0.0,-26.741140765048474,
548,Taylor Motter,BOS| COL| CIN| SLN,15,9,RIGHT,29,26,5,4,0,1,3,0,0,0.192,,-3.965,-2.124,-3.4,-1.0,-0.14,-10.63,-10.63,0.0,-26.761280957678903,
549,Anthony Bemboom,ANA| BAL,8,8,LEFT,28,27,6,2,0,2,1,0,0,0.222,,-4.076,-2.124,-3.352,-1.0,-0.084,-10.636,-10.636,0.0,-26.77638610215172,
550,Chad Wallach,ANA| MIA,22,8,RIGHT,66,60,12,2,0,6,3,0,0,0.2,,-4.076,-2.124,-3.16,-1.0,-0.289,-10.648,-10.648,0.0,-26.80659639109736,
551,Gilberto Celestino,MIN,21,8,RIGHT,62,59,8,6,2,3,3,0,0,0.136,CF,-3.855,-1.93,-3.304,-1.0,-0.574,-10.663,-5.873,4.79,-14.785418914811684,
552,Dustin Fowler,PIT,18,8,LEFT,46,41,7,3,0,2,3,1,0,0.171,,-4.021,-2.124,-3.352,-0.881,-0.289,-10.667,-10.667,0.0,-26.85442934859462,
553,Matt Joyce,MIA| PHI,43,9,LEFT,69,55,5,5,2,7,12,0,0,0.091,,-3.91,-1.93,-3.111,-1.0,-0.723,-10.674,-10.674,0.0,-26.872052017146245,
554,Ryan Lavarnway,MIA| CLE,9,8,RIGHT,30,28,7,2,0,0,1,0,0,0.25,,-4.076,-2.124,-3.448,-1.0,-0.028,-10.676,-10.676,0.0,-26.877087065303854,
555,Kyle Gibson,BAL| TEX| PHI| SLN,13,9,RIGHT,30,29,4,3,1,2,0,0,0,0.138,,-4.021,-2.027,-3.352,-1.0,-0.277,-10.677,-10.677,0.0,-26.879604589382655,
556,Ryan Weathers,MIA| SDN,25,9,RIGHT,28,27,4,3,1,1,1,0,0,0.148,,-4.021,-2.027,-3.4,-1.0,-0.237,-10.685,-10.685,0.0,-26.899744782013084,
557,Steven Souza,CHN| LAN| SEA,17,9,RIGHT,36,33,5,2,1,3,2,0,0,0.152,,-4.076,-2.027,-3.304,-1.0,-0.281,-10.688,-10.688,0.0,-26.907297354249494,
558,Zac Gallen,ARI,21,9,RIGHT,42,32,6,2,0,3,1,0,0,0.188,,-4.076,-2.124,-3.304,-1.0,-0.184,-10.689,-10.689,0.0,-26.909814878328294,
559,Jon Lester,CHN| SLN| WAS,27,9,LEFT,51,48,8,3,1,3,2,0,0,0.167,,-4.021,-2.027,-3.304,-1.0,-0.353,-10.705,-10.705,0.0,-26.950095263589148,
560,Jay Bruce,PHI| NYA,10,6,LEFT,39,34,4,3,1,3,5,0,0,0.118,,-4.021,-2.027,-3.304,-1.0,-0.377,-10.729,-10.729,0.0,-27.010515841480427,
561,Garrett Stubbs,PHI| HOU,14,9,LEFT,38,34,6,2,0,3,2,0,0,0.176,,-4.076,-2.124,-3.304,-1.0,-0.225,-10.729,-10.729,0.0,-27.010515841480427,
562,Steve Wilkerson,BAL,25,8,SWITCH,76,72,12,4,0,2,3,2,0,0.167,2B,-3.965,-2.124,-3.352,-0.763,-0.53,-10.734,-6.658,4.076,-16.76167531667226,
563,Aaron Nola,PHI,31,9,RIGHT,63,49,7,5,0,4,6,0,0,0.143,,-3.91,-2.124,-3.256,-1.0,-0.449,-10.74,-10.74,0.0,-27.038208606347265,
564,Kean Wong,ANA,28,8,LEFT,66,60,10,3,0,6,2,0,1,0.167,,-4.021,-2.124,-3.16,-1.0,-0.441,-10.746,-10.746,0.0,-27.053313750820084,
565,Vidal Brujan,ATL| BAL| CHN| TBA| MIA,9,2,SWITCH,26,26,2,3,0,2,0,1,0,0.077,,-4.021,-2.124,-3.352,-0.881,-0.369,-10.748,-10.748,0.0,-27.058348798977686,
566,Matt Adams,ATL| COL,22,9,LEFT,40,36,6,3,0,2,4,0,0,0.167,,-4.021,-2.124,-3.352,-1.0,-0.265,-10.762,-10.762,0.0,-27.093594136080938,
567,Bryan Holaday,BAL| ARI,13,8,RIGHT,34,31,6,2,0,1,1,0,0,0.194,,-4.076,-2.124,-3.4,-1.0,-0.164,-10.765,-10.765,0.0,-27.101146708317348,
568,Trevor Williams,WAS| PIT| CHN| NYN,20,9,RIGHT,28,25,5,1,0,1,1,0,0,0.2,,-4.131,-2.124,-3.4,-1.0,-0.12,-10.776,-10.776,0.0,-27.12883947318418,
569,Zach Davies,SDN| CHN| ARI,30,9,RIGHT,44,34,6,2,0,2,0,0,0,0.176,,-4.076,-2.124,-3.352,-1.0,-0.225,-10.777,-10.777,0.0,-27.131356997262984,
570,Chris Gittens,NYA,16,7,RIGHT,44,36,4,1,1,5,7,0,0,0.111,,-4.131,-2.027,-3.208,-1.0,-0.417,-10.783,-10.783,0.0,-27.146462141735803,
571,Mickey Moniak,COL| PHI| ANA,18,9,LEFT,37,33,3,3,1,3,3,0,0,0.091,,-4.021,-2.027,-3.304,-1.0,-0.434,-10.785,-10.785,0.0,-27.151497189893412,
572,Chi Chi Gonzalez,COL| MIL| MIN| NYA| MIA,21,9,RIGHT,34,31,5,3,0,1,1,0,0,0.161,,-4.021,-2.124,-3.4,-1.0,-0.241,-10.786,-10.786,0.0,-27.154014713972213,
573,Jose Godoy,SEA| MIN| PIT,14,7,LEFT,40,37,6,2,0,3,3,0,0,0.162,,-4.076,-2.124,-3.304,-1.0,-0.285,-10.789,-10.789,0.0,-27.161567286208623,
574,Tylor Megill,NYN,18,9,RIGHT,31,28,6,1,0,0,1,0,0,0.214,,-4.131,-2.124,-3.448,-1.0,-0.104,-10.808,-10.808,0.0,-27.209400243705886,
575,Sebastian Rivero,ANA| KCA,16,9,RIGHT,44,40,7,1,0,3,3,0,0,0.175,,-4.131,-2.124,-3.304,-1.0,-0.269,-10.828,-10.828,0.0,-27.25975072528195,
576,Jake Hager,ARI| NYN,14,8,RIGHT,30,26,3,2,0,2,4,0,0,0.115,,-4.076,-2.124,-3.352,-1.0,-0.293,-10.845,-10.845,0.0,-27.30254863462161,
577,Robel Garcia,HOU,41,8,SWITCH,117,106,16,6,1,8,8,0,0,0.151,,-3.855,-2.027,-3.063,-1.0,-0.907,-10.852,-10.852,0.0,-27.320171303173233,
578,Jahmai Jones,DET| ANA| BAL| MIL| NYA,24,8,RIGHT,72,67,10,4,0,3,4,1,0,0.149,2B,-3.965,-2.124,-3.304,-0.881,-0.582,-10.857,-6.781,4.076,-17.071330778365063,
579,Kevan Smith,TBA| ATL,32,8,RIGHT,106,95,16,8,0,3,10,0,0,0.168,CC,-3.745,-2.124,-3.304,-1.0,-0.686,-10.859,-2.5500000000000007,8.309,-6.4196864009483745,
580,Cristian Pache,ATL| OAK| PHI| BAL| MIA,20,8,RIGHT,68,63,7,6,1,4,2,0,0,0.111,CF,-3.855,-2.027,-3.256,-1.0,-0.731,-10.868,-6.078,4.79,-15.301511350966356,
581,Paolo Espino,WAS| TOR,27,9,RIGHT,33,30,5,2,0,0,0,0,0,0.167,,-4.076,-2.124,-3.448,-1.0,-0.221,-10.869,-10.869,0.0,-27.362969212512887,
582,Todd Frazier,NYN| TEX| PIT,13,7,RIGHT,40,35,3,3,0,4,3,0,0,0.086,,-4.021,-2.124,-3.256,-1.0,-0.474,-10.875,-10.875,0.0,-27.378074356985707,
583,Drew Butera,COL| ANA,12,9,RIGHT,36,32,3,1,0,5,0,0,0,0.094,,-4.131,-2.124,-3.208,-1.0,-0.414,-10.877,-10.877,0.0,-27.383109405143315,
584,Scott Schebler,ATL| ANA,12,6,LEFT,34,34,5,3,0,0,0,0,0,0.147,,-4.021,-2.124,-3.448,-1.0,-0.301,-10.894,-10.894,0.0,-27.42590731448297,
585,Sonny Gray,SLN| CIN| MIN,24,9,RIGHT,43,41,6,4,0,0,1,0,0,0.146,,-3.965,-2.124,-3.448,-1.0,-0.365,-10.903,-10.903,0.0,-27.4485650311922,
586,Kevin Smith,TOR| OAK| NYA,13,8,RIGHT,36,32,3,2,1,1,3,0,0,0.094,,-4.076,-2.027,-3.4,-1.0,-0.414,-10.917,-10.917,0.0,-27.483810368295444,
587,Nick Heath,KCA| ARI,15,8,LEFT,39,35,5,2,0,1,4,0,1,0.143,,-4.076,-2.124,-3.4,-1.0,-0.321,-10.921,-10.921,0.0,-27.493880464610655,
588,Madison Bumgarner,ARI,25,9,RIGHT,52,39,4,3,0,3,9,0,0,0.103,,-4.021,-2.124,-3.304,-1.0,-0.478,-10.927,-10.927,0.0,-27.508985609083474,
589,Chance Sisco,BAL| NYN,26,8,LEFT,83,74,11,5,0,4,7,0,0,0.149,CC,-3.91,-2.124,-3.256,-1.0,-0.646,-10.936,-2.6270000000000007,8.309,-6.613535755016227,
590,Corbin Burnes,ARI| MIL| BAL,26,9,RIGHT,59,52,8,1,0,4,3,0,0,0.154,,-4.131,-2.124,-3.256,-1.0,-0.433,-10.945,-10.945,0.0,-27.554301042501937,
591,Kwang Hyun Kim,SLN,22,9,LEFT,29,26,3,0,0,2,0,0,0,0.115,,-4.186,-2.124,-3.352,-1.0,-0.293,-10.956,-10.956,0.0,-27.58199380736877,
592,Adrian Houser,CHA| TBA| MIL| NYN,26,9,RIGHT,46,42,3,2,2,2,2,0,0,0.071,,-4.076,-1.93,-3.352,-1.0,-0.614,-10.972,-10.972,0.0,-27.622274192629625,
593,Vladimir Gutierrez,CIN| MIA,21,9,RIGHT,42,33,3,3,0,1,2,0,0,0.091,,-4.021,-2.124,-3.4,-1.0,-0.434,-10.979,-10.979,0.0,-27.639896861181246,
594,Luis Castillo,SEA| CIN,30,9,RIGHT,59,49,8,1,0,2,1,0,0,0.163,,-4.131,-2.124,-3.352,-1.0,-0.373,-10.981,-10.981,0.0,-27.644931909338855,
595,Mitch Keller,PIT,21,9,RIGHT,32,28,3,2,0,0,2,0,0,0.107,,-4.076,-2.124,-3.448,-1.0,-0.333,-10.982,-10.982,0.0,-27.647449433417655,
596,Vimael Machin,BAL| OAK,14,9,LEFT,37,32,4,1,0,1,3,0,0,0.125,,-4.131,-2.124,-3.4,-1.0,-0.337,-10.993,-10.993,0.0,-27.675142198284494,
597,Charlie Morton,ATL| BAL| DET| TBA,29,9,RIGHT,62,55,7,5,0,1,0,0,0,0.127,,-3.91,-2.124,-3.4,-1.0,-0.57,-11.005,-11.005,0.0,-27.705352487230137,
598,Greg Deichmann,CHN,14,9,LEFT,31,30,4,0,0,1,1,0,0,0.133,,-4.186,-2.124,-3.4,-1.0,-0.297,-11.008,-11.008,0.0,-27.71290505946654,
599,Johnny Cueto,SFN| CHA| MIA| ANA,21,9,RIGHT,37,29,2,1,0,0,3,1,0,0.069,,-4.131,-2.124,-3.448,-0.881,-0.43,-11.015,-11.015,0.0,-27.730527728018167,
600,Cameron Maybin,CHN| DET| NYN,9,8,RIGHT,33,28,1,2,0,0,3,1,0,0.036,,-4.076,-2.124,-3.448,-0.881,-0.486,-11.016,-11.016,0.0,-27.733045252096968,
601,Tyler Anderson,ANA| SFN| PIT| SEA| LAN,18,9,LEFT,40,39,4,1,1,1,1,0,0,0.103,,-4.131,-2.027,-3.4,-1.0,-0.478,-11.036,-11.036,0.0,-27.783395733673032,
602,Jon Gray,TEX| COL,27,9,RIGHT,50,47,5,2,0,3,0,0,0,0.106,,-4.076,-2.124,-3.304,-1.0,-0.562,-11.066,-11.066,0.0,-27.858921456037134,
603,Skye Bolt,OAK| SFN,24,9,SWITCH,60,57,5,3,1,4,1,0,0,0.088,,-4.021,-2.027,-3.256,-1.0,-0.763,-11.066,-11.066,0.0,-27.858921456037134,
604,Blake Snell,LAN| TBA| SDN| SFN,23,9,LEFT,37,34,4,1,0,0,0,0,0,0.118,,-4.131,-2.124,-3.448,-1.0,-0.377,-11.081,-11.081,0.0,-27.896684317219183,
605,Zack Wheeler,PHI,32,9,LEFT,73,68,11,1,0,3,0,0,0,0.162,,-4.131,-2.124,-3.304,-1.0,-0.526,-11.085,-11.085,0.0,-27.906754413534397,
606,Edwin Rios,LAN| CHN| CIN,25,9,LEFT,60,51,4,4,1,1,7,0,0,0.078,,-3.965,-2.027,-3.4,-1.0,-0.719,-11.111,-11.111,0.0,-27.97221003958328,
607,Adam Wainwright,SLN,33,9,RIGHT,74,57,7,1,0,4,3,0,0,0.123,,-4.131,-2.124,-3.256,-1.0,-0.61,-11.121,-11.121,0.0,-27.997385280371315,
608,Domingo Leyba,ARI| BAL,31,9,SWITCH,96,87,10,6,1,4,8,0,0,0.115,,-3.855,-2.027,-3.256,-1.0,-0.983,-11.121,-11.121,0.0,-27.997385280371315,
609,Marcus Stroman,NYA| NYN| CHN,28,9,RIGHT,58,51,5,2,0,1,4,1,0,0.098,,-4.076,-2.124,-3.4,-0.881,-0.642,-11.124,-11.124,0.0,-28.004937852607725,
610,Austin Gomber,COL| SLN,20,9,LEFT,42,32,3,0,0,1,1,0,0,0.094,,-4.186,-2.124,-3.4,-1.0,-0.414,-11.124,-11.124,0.0,-28.004937852607725,
611,Kyle Hendricks,ANA| CHN,30,9,RIGHT,61,52,6,3,0,1,2,0,0,0.115,,-4.021,-2.124,-3.4,-1.0,-0.586,-11.131,-11.131,0.0,-28.02256052115935,
612,Curtis Terry,TEX,13,7,RIGHT,48,45,4,3,0,1,2,0,0,0.089,,-4.021,-2.124,-3.4,-1.0,-0.598,-11.143,-11.143,0.0,-28.052770810104988,
613,Joe Musgrove,PIT| SDN,35,9,RIGHT,57,51,7,1,0,1,1,0,0,0.137,,-4.131,-2.124,-3.4,-1.0,-0.49,-11.145,-11.145,0.0,-28.05780585826259,
614,JT Brubaker,NYA| SFN| PIT,24,9,RIGHT,43,38,3,0,0,3,4,0,0,0.079,,-4.186,-2.124,-3.304,-1.0,-0.534,-11.149,-11.149,0.0,-28.067875954577804,
615,Pablo Lopez,MIN| MIA,18,9,LEFT,35,33,2,2,0,0,0,0,0,0.061,,-4.076,-2.124,-3.448,-1.0,-0.51,-11.159,-11.159,0.0,-28.09305119536584,
616,Brett Anderson,MIL,21,9,LEFT,34,28,0,2,0,1,4,0,0,0.0,,-4.076,-2.124,-3.4,-1.0,-0.562,-11.163,-11.163,0.0,-28.103121291681052,
617,Luis Campusano,SDN,11,8,RIGHT,38,34,3,0,0,1,4,0,0,0.088,,-4.186,-2.124,-3.4,-1.0,-0.454,-11.165,-11.165,0.0,-28.108156339838658,
618,Wil Crowe,WAS| PIT,25,9,RIGHT,41,35,2,2,0,0,1,0,0,0.057,,-4.076,-2.124,-3.448,-1.0,-0.55,-11.199,-11.199,0.0,-28.19375215851797,
619,Adbert Alzolay,CHN,26,9,RIGHT,33,31,2,0,0,0,1,0,0,0.065,,-4.186,-2.124,-3.448,-1.0,-0.47,-11.229,-11.229,0.0,-28.269277880882065,
620,Patrick Corbin,TEX| WAS,28,9,LEFT,63,53,7,1,0,0,3,0,0,0.132,,-4.131,-2.124,-3.448,-1.0,-0.53,-11.234,-11.234,0.0,-28.281865501276084,
621,Albert Almora,CHN| NYN| CIN,31,9,RIGHT,54,52,6,2,0,0,2,0,0,0.115,CF,-4.076,-2.124,-3.448,-1.0,-0.586,-11.235,-6.444999999999999,4.79,-16.22544268788716,
622,Trevor Bauer,CIN| LAN,14,9,RIGHT,34,30,1,0,0,1,1,0,0,0.033,,-4.186,-2.124,-3.4,-1.0,-0.526,-11.237,-11.237,0.0,-28.289418073512493,
623,Zach Eflin,BAL| PHI| TBA,17,9,RIGHT,37,29,0,1,0,1,1,0,0,0.0,,-4.131,-2.124,-3.4,-1.0,-0.582,-11.238,-11.238,0.0,-28.291935597591298,
624,Walker Buehler,BOS| PHI| LAN,33,9,RIGHT,82,69,7,4,0,3,5,0,0,0.101,,-3.965,-2.124,-3.304,-1.0,-0.851,-11.245,-11.245,0.0,-28.30955826614292,
625,Brandon Woodruff,MIL,28,9,LEFT,58,52,6,0,0,2,3,0,0,0.115,,-4.186,-2.124,-3.352,-1.0,-0.586,-11.249,-11.249,0.0,-28.319628362458136,
626,Freddy Peralta,MIL,26,9,RIGHT,45,43,4,1,0,0,1,0,0,0.093,,-4.131,-2.124,-3.448,-1.0,-0.558,-11.262,-11.262,0.0,-28.352356175482576,
627,Alec Mills,CHN| CIN,24,9,RIGHT,36,32,1,1,0,0,0,0,0,0.031,,-4.131,-2.124,-3.448,-1.0,-0.566,-11.27,-11.27,0.0,-28.372496368113,
628,Taijuan Walker,PHI| SEA| TOR| NYN,27,9,SWITCH,51,47,5,0,0,1,1,0,0,0.106,,-4.186,-2.124,-3.4,-1.0,-0.562,-11.273,-11.273,0.0,-28.38004894034941,
629,Yu Darvish,SDN| CHN,29,9,RIGHT,55,53,5,2,0,1,0,0,0,0.094,,-4.076,-2.124,-3.4,-1.0,-0.682,-11.283,-11.283,0.0,-28.405224181137445,
630,Antonio Senzatela,COL,26,9,RIGHT,51,39,2,1,0,1,0,0,0,0.051,,-4.131,-2.124,-3.4,-1.0,-0.63,-11.286,-11.286,0.0,-28.412776753373855,
631,Ian Anderson,ANA| ATL,22,9,RIGHT,41,37,2,0,0,0,1,0,0,0.054,,-4.186,-2.124,-3.448,-1.0,-0.59,-11.349,-11.349,0.0,-28.571380770338465,
632,Drew Smyly,SFN| ATL| CHN,25,9,LEFT,43,41,3,0,0,0,0,0,0,0.073,,-4.186,-2.124,-3.448,-1.0,-0.594,-11.353,-11.353,0.0,-28.581450866653675,
633,Merrill Kelly,ARI| TEX,27,9,RIGHT,58,47,3,1,0,1,4,0,0,0.064,,-4.131,-2.124,-3.4,-1.0,-0.715,-11.37,-11.37,0.0,-28.62424877599333,
634,Chris Paddack,DET| MIN| SDN,23,9,RIGHT,42,35,1,0,0,0,1,0,0,0.029,,-4.186,-2.124,-3.448,-1.0,-0.626,-11.386,-11.386,0.0,-28.664529161254183,
635,Trevor Rogers,BAL| MIA,25,9,LEFT,46,43,3,0,0,0,1,0,0,0.07,,-4.186,-2.124,-3.448,-1.0,-0.634,-11.393,-11.393,0.0,-28.682151829805807,
636,Erick Fedde,ATL| MIL| SLN| WAS| CHA,25,9,RIGHT,43,36,0,0,0,1,1,0,0,0.0,,-4.186,-2.124,-3.4,-1.0,-0.723,-11.434,-11.434,0.0,-28.78537031703674,
637,Anthony DeSclafani,ARI| CIN| SFN,30,9,RIGHT,62,51,2,2,0,1,4,0,0,0.039,,-4.076,-2.124,-3.4,-1.0,-0.871,-11.472,-11.472,0.0,-28.881036232031263,
638,Alex Wood,LAN| SFN| OAK,24,9,RIGHT,47,38,0,0,0,0,5,0,1,0.0,,-4.186,-2.124,-3.448,-1.0,-0.763,-11.522,-11.522,0.0,-29.00691243597143,
639,Tyler Mahle,TEX| CIN| MIN,31,9,RIGHT,66,55,3,1,0,1,4,0,0,0.055,,-4.131,-2.124,-3.4,-1.0,-0.875,-11.531,-11.531,0.0,-29.029570152680662,
640,Sandy Alcantara,MIA,29,9,RIGHT,64,58,2,0,0,0,3,0,0,0.034,,-4.186,-2.124,-3.448,-1.0,-1.012,-11.771,-11.771,0.0,-29.63377593159345,
641,Max Scherzer,TOR| WAS| LAN| NYN| TEX,27,9,RIGHT,63,59,0,0,0,1,0,0,0,0.0,,-4.186,-2.124,-3.4,-1.0,-1.185,-11.896,-11.896,0.0,-29.94846644144386,
